web-scraper-order,web-scraper-start-url,link,link-href
"1669057645-1007","https://www.youtube.com/@TuVienChonNhu2/videos","Pháp hành 40 - Được yên ổn tu hành không phải chuyện dễ (KÈM BẢN ĐỌC)","https://www.youtube.com/watch?v=oK9FCjyhR7U"
"1669057645-1008","https://www.youtube.com/@TuVienChonNhu2/videos","Pháp hành 39 - Tầm quan trọng của hạnh độc cư (KÈM BẢN ĐỌC)","https://www.youtube.com/watch?v=IDb82_88B2E"
"1669057645-1009","https://www.youtube.com/@TuVienChonNhu2/videos","Pháp hành 37 - Mười hai nhân duyên (KÈM BẢN ĐỌC)","https://www.youtube.com/watch?v=VvzOWQXtk-Q"
"1669057645-1010","https://www.youtube.com/@TuVienChonNhu2/videos","Pháp hành 36 - Những điều cần tu tập để tâm hết lậu hoặc (KÈM BẢN ĐỌC)","https://www.youtube.com/watch?v=G61dkeoLvDk"
"1669057645-1011","https://www.youtube.com/@TuVienChonNhu2/videos","Pháp hành 35 - Phóng sanh với lòng từ bi (KÈM BẢN ĐỌC)","https://www.youtube.com/watch?v=qIoyC5ykWQM"
"1669057645-1012","https://www.youtube.com/@TuVienChonNhu2/videos","Pháp hành 34 - Có duyên với pháp nào thì tu pháp đó (KÈM BẢN ĐỌC)","https://www.youtube.com/watch?v=jzgbEPo4UPg"
"1669057645-1013","https://www.youtube.com/@TuVienChonNhu2/videos","Pháp hành 33 - Chặt đứt Thất Kiết Sử & Ngũ Triền Cái (KÈM BẢN ĐỌC)","https://www.youtube.com/watch?v=fCjDLkQQokc"
"1669057645-1014","https://www.youtube.com/@TuVienChonNhu2/videos","Pháp hành 32 - Năng lực của Dục Như Ý Túc & Tam Minh  (KÈM BẢN ĐỌC)","https://www.youtube.com/watch?v=dnctzTRW6dQ"
"1669057645-1015","https://www.youtube.com/@TuVienChonNhu2/videos","Pháp hành 31 - Tâm định tĩnh, nhu nhuyễn, dễ sử dụng (KÈM BẢN ĐỌC)","https://www.youtube.com/watch?v=NoXon__TKg8"
"1669057645-1016","https://www.youtube.com/@TuVienChonNhu2/videos","Pháp hành 30 - Nhập định nhờ xả tâm (KÈM BẢN ĐỌC)","https://www.youtube.com/watch?v=ofNt5n9p22g"
"1669057645-1017","https://www.youtube.com/@TuVienChonNhu2/videos","Pháp hành 29 - Hãy sống riêng một mình như tê ngưu một sừng (KÈM BẢN ĐỌC)","https://www.youtube.com/watch?v=rNM-MYHqExM"
"1669057645-1018","https://www.youtube.com/@TuVienChonNhu2/videos","Pháp hành 28 - Do bốn chỗ mà đau khổ & giải thoát  (KÈM BẢN ĐỌC)","https://www.youtube.com/watch?v=GjAMzsvQLkY"
"1669057645-1019","https://www.youtube.com/@TuVienChonNhu2/videos","Pháp hành 22 - Quán Tứ Diệu Đế trên Tứ Niệm Xứ (KÈM BẢN ĐỌC)","https://www.youtube.com/watch?v=VE4-L2pF5wQ"
"1669057645-1020","https://www.youtube.com/@TuVienChonNhu2/videos","Pháp hành 27- Đức Phật chỉ chấp nhận nghề ăn xin (KÈM BẢN ĐỌC)","https://www.youtube.com/watch?v=sl1qMTOlWcU"
"1669057645-1021","https://www.youtube.com/@TuVienChonNhu2/videos","Pháp hành 24 - Hơi thở và pháp hướng để vào Tứ Thánh Định (KÈM BẢN ĐỌC)","https://www.youtube.com/watch?v=iLpXus7WU6w"
"1669057645-1022","https://www.youtube.com/@TuVienChonNhu2/videos","Pháp hành 23 - Người mới tu không nên tập Định Niệm Hơi Thở (KÈM BẢN ĐỌC)","https://www.youtube.com/watch?v=cOq609j1RgU"
"1669057645-1023","https://www.youtube.com/@TuVienChonNhu2/videos","Pháp hành 21 - Chia nhỏ thời khóa để sống trọn vẹn trong pháp (KÈM BẢN ĐỌC)","https://www.youtube.com/watch?v=XwNdaqgiLlA"
"1669057645-1024","https://www.youtube.com/@TuVienChonNhu2/videos","Pháp hành 20 - Chiến thắng trên mặt trận sinh tử (KÈM BẢN ĐỌC)","https://www.youtube.com/watch?v=w0WXLARAHOI"
"1669057645-1025","https://www.youtube.com/@TuVienChonNhu2/videos","Pháp hành 19 - Quán các pháp trên Bốn Niệm Xứ (KÈM BẢN ĐỌC)","https://www.youtube.com/watch?v=OIAj5YWhNIk"
"1669057645-1026","https://www.youtube.com/@TuVienChonNhu2/videos","Pháp hành 18 - Quán thân, thọ và tâm trên Tứ Niệm Xứ (KÈM BẢN ĐỌC)","https://www.youtube.com/watch?v=PFzEuaMJQfs"
"1669057645-1027","https://www.youtube.com/@TuVienChonNhu2/videos","Pháp hành 17 - Quả vị tu chứng không phân cao thấp (KÈM BẢN ĐỌC)","https://www.youtube.com/watch?v=QCNh2hvPM1o"
"1669057645-1028","https://www.youtube.com/@TuVienChonNhu2/videos","Pháp hành 16 - Vô minh và Minh (KÈM BẢN ĐỌC)","https://www.youtube.com/watch?v=TPcaWfTyjsA"
"1669057645-1029","https://www.youtube.com/@TuVienChonNhu2/videos","Pháp hành 15 - Ngũ Triền Cái và Thất Kiết Sử (KÈM BẢN ĐỌC)","https://www.youtube.com/watch?v=RE3hDjGR0yw"
"1669057645-1030","https://www.youtube.com/@TuVienChonNhu2/videos","Pháp hành 14 - Cơ thể khi nhập định - Cách dùng pháp hướng (KÈM BẢN ĐỌC)","https://www.youtube.com/watch?v=1AY9b3Nef-c"
"1669057645-1031","https://www.youtube.com/@TuVienChonNhu2/videos","Pháp hành 13 - Các pháp môn dẫn vào thế giới tưởng (KÈM BẢN ĐỌC)","https://www.youtube.com/watch?v=N8vJXYCv6qQ"
"1669057645-1032","https://www.youtube.com/@TuVienChonNhu2/videos","Pháp hành 12 - Tam Minh năng lực làm chủ các pháp (KÈM BẢN ĐỌC)","https://www.youtube.com/watch?v=SVYzYwIK6Pw"
"1669057645-1033","https://www.youtube.com/@TuVienChonNhu2/videos","Pháp hành 26 - Định Vô Sắc là bóng dáng của Tưởng thức (KÈM BẢN ĐỌC)","https://www.youtube.com/watch?v=65n2C_u1bSg"
"1669057645-1034","https://www.youtube.com/@TuVienChonNhu2/videos","Pháp hành 25 - Sống trong thiện mà không dính mắc thiện (KÈM BẢN ĐỌC)","https://www.youtube.com/watch?v=t-nUFEK7yXA"
"1669057645-1035","https://www.youtube.com/@TuVienChonNhu2/videos","Pháp hành 38 - Đoạn dứt duyên Sanh để vào đạo (KÈM BẢN ĐỌC)","https://www.youtube.com/watch?v=ylWLbPmM3Ek"
"1669057645-1036","https://www.youtube.com/@TuVienChonNhu2/videos","Pháp hành 11 - Các pháp tu trên thân - thọ - tâm - pháp (KÈM BẢN ĐỌC)","https://www.youtube.com/watch?v=pV-pb3HBY4c"
"1669057645-1037","https://www.youtube.com/@TuVienChonNhu2/videos","Pháp hành 10 - Tứ Niệm Xứ - Bốn nơi thực hiện thiền định (KÈM BẢN ĐỌC)","https://www.youtube.com/watch?v=7gfqw-FNPAI"
"1669057645-1038","https://www.youtube.com/@TuVienChonNhu2/videos","Pháp hành 09 - Định Niệm Hơi Thở (KÈM BẢN ĐỌC)","https://www.youtube.com/watch?v=bCltobdK7JM"
"1669057645-1039","https://www.youtube.com/@TuVienChonNhu2/videos","Pháp hành 08 - Hiểu đúng về bài kinh Thân Hành Niệm (KÈM BẢN ĐỌC)","https://www.youtube.com/watch?v=0mKAQRswVWg"
"1669057645-1040","https://www.youtube.com/@TuVienChonNhu2/videos","Pháp hành 07 - Người mới tu phải tập xả tâm trong cảnh động (KÈM BẢN ĐỌC)","https://www.youtube.com/watch?v=dbx_60lN_g0"
"1669057645-1041","https://www.youtube.com/@TuVienChonNhu2/videos","Pháp hành 06 - Sống đúng giới luật mới có giải thoát (KÈM BẢN ĐỌC)","https://www.youtube.com/watch?v=TExJwM8IO2U"
"1669057645-1042","https://www.youtube.com/@TuVienChonNhu2/videos","Pháp hành 04 - Câu hữu kết hợp các pháp tu (ĐỌC VĂN BẢN)","https://www.youtube.com/watch?v=8TFEj5ewD_0"
"1669057645-1043","https://www.youtube.com/@TuVienChonNhu2/videos","Pháp hành 03 - Thiện trong đạo Phật là không tham sân si (ĐỌC VĂN BẢN)","https://www.youtube.com/watch?v=JhK8CEeqILs"
"1669057645-1044","https://www.youtube.com/@TuVienChonNhu2/videos","Pháp hành 02 - Đạo lực của tâm thanh tịnh (ĐỌC VĂN BẢN)","https://www.youtube.com/watch?v=1yNlQMjJOSI"
"1669057645-1045","https://www.youtube.com/@TuVienChonNhu2/videos","Pháp hành 01 - Tứ Chánh Cần - Hiểu đúng về thiện ác (ĐỌC VĂN BẢN)","https://www.youtube.com/watch?v=-ARN_P0hM2M"
"1669057645-1046","https://www.youtube.com/@TuVienChonNhu2/videos","Pháp hành 05 - Trạng thái của bậc A La Hán (ĐỌC VĂN BẢN)","https://www.youtube.com/watch?v=dt2aOuht6xw"
"1669057645-1047","https://www.youtube.com/@TuVienChonNhu2/videos","Cúng Tết đúng pháp - Trưởng lão Thích Thông Lạc","https://www.youtube.com/watch?v=o-kJdZ6a8eI"
"1669057645-1048","https://www.youtube.com/@TuVienChonNhu2/videos","TÌM KIẾM NÂNG CAO (Sử dụng ThuvienChonNhu.Net trên điện thoại)","https://www.youtube.com/watch?v=VGpqwwCRYnk"
"1669057645-1049","https://www.youtube.com/@TuVienChonNhu2/videos","TÌM KIẾM NHANH (Sử dụng ThuvienChonNhu.Net trên điện thoại)","https://www.youtube.com/watch?v=J3QKMtkdrJA"
"1669057645-1050","https://www.youtube.com/@TuVienChonNhu2/videos","DANH SÁCH TRÍCH DẪN (Sử dụng ThuvienChonNhu.Net trên điện thoại)","https://www.youtube.com/watch?v=Gr4HWOrRW0M"
"1669057645-1051","https://www.youtube.com/@TuVienChonNhu2/videos","TẠO DANH SÁCH TÌM KIẾM (Sử dụng ThuvienChonNhu.Net trên điện thoại)","https://www.youtube.com/watch?v=QFS3SZa0TPw"
"1669057645-1052","https://www.youtube.com/@TuVienChonNhu2/videos","TRÍCH DẪN - GHI CHÚ - COPY (Sử dụng ThuvienChonNhu.Net trên điện thoại)","https://www.youtube.com/watch?v=WrqSBxenH0A"
"1669057645-1053","https://www.youtube.com/@TuVienChonNhu2/videos","ĐỌC & NGHE SÁCH - BĂNG (Sử dụng ThuvienChonNhu.Net trên điện thoại)","https://www.youtube.com/watch?v=AR66CL_mrLQ"
"1669057645-1054","https://www.youtube.com/@TuVienChonNhu2/videos","ĐĂNG KÝ & ĐĂNG NHẬP (Sử dụng ThuvienChonNhu.Net trên điện thoại)","https://www.youtube.com/watch?v=duqo2BdvPDk"
"1669057645-1055","https://www.youtube.com/@TuVienChonNhu2/videos","TRÍCH DẪN, GHI CHÚ, COPY - Sử dụng ThuvienChonNhu.net trên máy tính","https://www.youtube.com/watch?v=WcbZhHPBk_4"
"1669057645-1056","https://www.youtube.com/@TuVienChonNhu2/videos","NGHE & ĐỌC SÁCH - PHÁP ÂM - Sử dụng ThuvienChonNhu.net trên máy tính","https://www.youtube.com/watch?v=bIuvXUvHSkU"
"1669057645-1057","https://www.youtube.com/@TuVienChonNhu2/videos","TẠO DANH SÁCH TÌM KIẾM - Sử dụng ThuvienChonNhu.net trên máy tính","https://www.youtube.com/watch?v=RXw2x-Q4Emk"
"1669057645-1058","https://www.youtube.com/@TuVienChonNhu2/videos","ĐĂNG KÝ - ĐĂNG NHẬP - Sử dụng ThuvienChonNhu.net trên máy tính","https://www.youtube.com/watch?v=04rEk-xNEFY"
"1669057645-1059","https://www.youtube.com/@TuVienChonNhu2/videos","TÌM KIẾM NÂNG CAO - Sử dụng ThuvienChonNhu.net trên máy tính","https://www.youtube.com/watch?v=6WXploQsjFg"
"1669057645-1060","https://www.youtube.com/@TuVienChonNhu2/videos","TÌM KIẾM NHANH - Sử dụng ThuvienChonNhu.net trên máy tính","https://www.youtube.com/watch?v=AwSspoB9_I0"
"1669057645-1061","https://www.youtube.com/@TuVienChonNhu2/videos","DANH SÁCH TRÍCH DẪN - Sử dụng ThuvienChonNhu.net trên máy tính","https://www.youtube.com/watch?v=M5rMM9u1V4M"
"1669057645-1062","https://www.youtube.com/@TuVienChonNhu2/videos","Các Pháp Tu Trong Ngày Thọ Bát Quan Trai","https://www.youtube.com/watch?v=1aRizqS8lN4"
"1669057645-1063","https://www.youtube.com/@TuVienChonNhu2/videos","Ôm Phao Vượt Biển","https://www.youtube.com/watch?v=eVPFroOo0-0"
"1669057645-1064","https://www.youtube.com/@TuVienChonNhu2/videos","Đạo đức trong Gia đình (1996) - Trưởng Lão Thích Thông Lạc (kèm bản chuyển ngữ)","https://www.youtube.com/watch?v=BROTaVI7CvA"
"1669057645-1065","https://www.youtube.com/@TuVienChonNhu2/videos","Lời nhắn gửi Tu sinh tu học - Thầy Mật Hạnh","https://www.youtube.com/watch?v=Zb4TEqSmAXs"
"1669057645-1066","https://www.youtube.com/@TuVienChonNhu2/videos","(TMH) 20210228 - Áp dụng Đạo đức Nhân bản Nhân quả - Thầy Thích Mật Hạnh","https://www.youtube.com/watch?v=FcXDgKA8O5c"
"1669057645-1067","https://www.youtube.com/@TuVienChonNhu2/videos","(TMH) 20210221 - Sống đúng Đạo đức & Thánh Cư sĩ - Thầy Thích Mật Hạnh","https://www.youtube.com/watch?v=cXttREw7IcQ"
"1669057645-1068","https://www.youtube.com/@TuVienChonNhu2/videos","(TMH) 20210219 - Thầy Thích Mật Hạnh tiếp Phật tử ngày mồng 8 Tết Tân Sửu","https://www.youtube.com/watch?v=7zTO4ipUDC8"
"1669057645-1069","https://www.youtube.com/@TuVienChonNhu2/videos","(TMH) 20210218 - Thầy Thích Mật Hạnh tiếp Phật tử ngày mồng 7 Tết Tân Sửu","https://www.youtube.com/watch?v=0uBSF4Id9XY"
"1669057645-1070","https://www.youtube.com/@TuVienChonNhu2/videos","(TLT) Trưởng lão Thích Thông Lạc dạy Thân Hành Niệm","https://www.youtube.com/watch?v=7KwDAyNG77Y"
"1669057645-1071","https://www.youtube.com/@TuVienChonNhu2/videos","(TLT) - Phóng sanh đúng chánh pháp - Trưởng lão Thích Thông Lạc","https://www.youtube.com/watch?v=neiPWTOOUSM"
"1669057645-1072","https://www.youtube.com/@TuVienChonNhu2/videos","Pháp Hành 0714 - ĐNHT câu hữu các Pháp định - Trưởng lão Thích Thông Lạc","https://www.youtube.com/watch?v=bZbGLDRU1S8"
"1669057645-1073","https://www.youtube.com/@TuVienChonNhu2/videos","Pháp Hành 0713 - Thời gian và quả vị khi tu TNX - Trưởng lão Thích Thông Lạc","https://www.youtube.com/watch?v=S0C1W3W9h_4"
"1669057645-1074","https://www.youtube.com/@TuVienChonNhu2/videos","Pháp Hành 0712 - TNX trên Pháp quán Pháp đối với Tứ Thánh Đế  - Trưởng lão Thích Thông Lạc","https://www.youtube.com/watch?v=FyNlI7hkA6c"
"1669057645-1075","https://www.youtube.com/@TuVienChonNhu2/videos","Pháp Hành 0408 - Ch5-Trên Pháp quán Pháp,Hiệu lực Pháp hướng,Thần thông-Trưởng lão Thích Thông Lạc","https://www.youtube.com/watch?v=XGzm1ep9s-o"
"1669057645-1076","https://www.youtube.com/@TuVienChonNhu2/videos","Pháp Hành 0407 - Chương 3-Trên Thọ quán Thọ, Chương 4-Trên Tâm quán Tâm - Trưởng lão Thích Thông Lạc","https://www.youtube.com/watch?v=jp5pz8APk0I"
"1669057645-1077","https://www.youtube.com/@TuVienChonNhu2/videos","Pháp Hành 0406 - Chương 2-Trên Thân quán Thân: Nhân, Hành và Đặc Tướng - Trưởng lão Thích Thông Lạc","https://www.youtube.com/watch?v=I3yIfcc6DZA"
"1669057645-1078","https://www.youtube.com/@TuVienChonNhu2/videos","PH0405 - Bảng tóm lược TNX, Chương 1-4 lĩnh vực thường sanh đau khổ - Trưởng lão Thích Thông Lạc","https://www.youtube.com/watch?v=EzeU7Jg1eoY"
"1669057645-1079","https://www.youtube.com/@TuVienChonNhu2/videos","Pháp Hành 0711 - VĐCách tu trên Thọ quán Thọ - Trưởng lão Thích Thông Lạc","https://www.youtube.com/watch?v=eJceVtOOzF4"
"1669057645-1080","https://www.youtube.com/@TuVienChonNhu2/videos","Pháp Hành 0710 - VĐKhác nhau về tư tưởng, ý thức hệ tôn giáo - Trưởng lão Thích Thông Lạc","https://www.youtube.com/watch?v=fhOd4GM8QqQ"
"1669057645-1081","https://www.youtube.com/@TuVienChonNhu2/videos","Pháp Hành 0709 - VĐNgười tâm không ngã mạn - VĐTrạng thái Si chấp (Si tùy miên)","https://www.youtube.com/watch?v=ep55m7CMxhM"
"1669057645-1082","https://www.youtube.com/@TuVienChonNhu2/videos","Pháp Hành 0708 - VĐKhông còn ngủ phi thời, Ăn ngủ phi thời tu ĐVL không kết quả - TL Thích Thông Lạc","https://www.youtube.com/watch?v=QcMfU-jpg6Q"
"1669057645-1083","https://www.youtube.com/@TuVienChonNhu2/videos","Pháp Hành 0707 - VĐVọng pháp, Tùy pháp là sống trong pháp - Trưởng Lão Thích Thông Lạc","https://www.youtube.com/watch?v=wfLohPrKTQs"
"1669057645-1084","https://www.youtube.com/@TuVienChonNhu2/videos","Pháp Hành 0706 - VĐDiệt tâm sân khi không có đối cảnh, Người hết tâm sân - TL Thích Thông Lạc","https://www.youtube.com/watch?v=LJA3XauR7l4"
"1669057645-1085","https://www.youtube.com/@TuVienChonNhu2/videos","Pháp Hành 0705 - Định Sáng Suốt không phải là trợ pháp cho Tứ Chánh Cần - Trưởng lão Thích Thông Lạc","https://www.youtube.com/watch?v=D2D9pFAkHQY"
"1669057645-1086","https://www.youtube.com/@TuVienChonNhu2/videos","Pháp Hành 0704 - VĐPhân biệt Định Diệt Tầm Tứ, Hướng tâm Tịnh chỉ Tầm Tứ, ... - TL Thích Thông Lạc","https://www.youtube.com/watch?v=O4zQlH_1crU"
"1669057645-1087","https://www.youtube.com/@TuVienChonNhu2/videos","Pháp Hành 0703 - VĐLàm sao để tâm vắng lặng khi tu ĐNHT - Trưởng lão Thích Thông Lạc","https://www.youtube.com/watch?v=uIdAEcY8yPg"
"1669057645-1088","https://www.youtube.com/@TuVienChonNhu2/videos","Pháp Hành 0702 - VĐTu hành là việc khó khăn, cần có kế hoạch cụ thể - Trưởng lão Thích Thông Lạc","https://www.youtube.com/watch?v=rwFGaKE7IXc"
"1669057645-1089","https://www.youtube.com/@TuVienChonNhu2/videos","Pháp Hành 0701 - VĐTrạng thái tâm BĐ, Tu tập cho tâm quay vào trong - Trưởng lão Thích Thông Lạc","https://www.youtube.com/watch?v=SOgIB0T5X7s"
"1669057645-1090","https://www.youtube.com/@TuVienChonNhu2/videos","(TMH) 20200421 - Chuẩn bị thân tâm cho việc xuất gia - Thầy Thích Mật Hạnh","https://www.youtube.com/watch?v=ddUPqYRzYFA"
"1669057645-1091","https://www.youtube.com/@TuVienChonNhu2/videos","(TMH) 20200426 - Thầy tiếp Phật tử ngày 26-04-2020 - Thầy Thích Mật Hạnh","https://www.youtube.com/watch?v=7Bq_kW3V194"
"1669057645-1092","https://www.youtube.com/@TuVienChonNhu2/videos","Pháp Hành 0404 - Các pháp môn tu sai TNX - Trưởng lão Thích Thông Lạc","https://www.youtube.com/watch?v=TmeYHvBPp90"
"1669057645-1093","https://www.youtube.com/@TuVienChonNhu2/videos","Pháp Hành 0403 - TNX không phải pháp tu, mà là 4 nơi để tu tập các pháp - Trưởng lão Thích Thông Lạc","https://www.youtube.com/watch?v=w14fUj5Fr7k"
"1669057645-1094","https://www.youtube.com/@TuVienChonNhu2/videos","Pháp Hành 0402 - Lợi ích, kết quả của ĐNHT - Trưởng lão Thích Thông Lạc","https://www.youtube.com/watch?v=gxXU3Ox5-FQ"
"1669057645-1095","https://www.youtube.com/@TuVienChonNhu2/videos","Pháp Hành 0401 - Định Niệm Hơi Thở - Các đề mục tu tập - Trưởng lão Thích Thông Lạc","https://www.youtube.com/watch?v=YVgP4-wWuIM"
"1669057645-1096","https://www.youtube.com/@TuVienChonNhu2/videos","Pháp Hành 0614 - TNX trên Pháp quán Pháp đối với 6 Xứ, 7 Giác chi - Trưởng lão Thích Thông Lạc","https://www.youtube.com/watch?v=cMI7sPz3mRI"
"1669057645-1097","https://www.youtube.com/@TuVienChonNhu2/videos","Pháp Hành 0613 - Phân biệt THỌ trong TNX và THỌ trong Ngũ Uẩn - Trưởng lão Thích Thông Lạc","https://www.youtube.com/watch?v=TZgYxp5S62Q"
"1669057645-1098","https://www.youtube.com/@TuVienChonNhu2/videos","Pháp Hành 0611 - TNX trên Thọ quán Thọ, trên Tâm quán Tâm - Trưởng lão Thích Thông Lạc","https://www.youtube.com/watch?v=Civ3MPW7GSY"
"1669057645-1099","https://www.youtube.com/@TuVienChonNhu2/videos","Pháp Hành 0612 - TNX trên Pháp quán Pháp đối với 5 Triền cái, 5 Thủ uẩn - Trưởng lão Thích Thông Lạc","https://www.youtube.com/watch?v=bwUFSefBbt4"
"1669057645-1100","https://www.youtube.com/@TuVienChonNhu2/videos","Pháp Hành 0610 - Lưu ý tu vừa sức, Pháp hướng hiệu quả tùy mức độ xá tâm - TL Thích Thông Lạc","https://www.youtube.com/watch?v=DTpNn2uCqvY"
"1669057645-1101","https://www.youtube.com/@TuVienChonNhu2/videos","Pháp Hành 0609 - Tứ Chánh Cần câu hữu các pháp tu trên TNX - Trưởng lão Thích Thông Lạc","https://www.youtube.com/watch?v=UGGlje1ax6c"
"1669057645-1102","https://www.youtube.com/@TuVienChonNhu2/videos","Pháp Hành 0608 - VĐThanh văn, Duyên giác, Bồ tát - Trưởng lão Thích Thông Lạc","https://www.youtube.com/watch?v=hd2d8tts3Cg"
"1669057645-1103","https://www.youtube.com/@TuVienChonNhu2/videos","Pháp Hành 0607 - VĐQuán thân trên thân, Tham công án, Tham thoại đầu - Trưởng lão Thích Thông Lạc","https://www.youtube.com/watch?v=w1X_JJ0xr9M"
"1669057645-1104","https://www.youtube.com/@TuVienChonNhu2/videos","Pháp Hành 0606 - VĐNhập Sơ thiền lìa pháp gì và đạt pháp gì - Trưởng lão Thích Thông Lạc","https://www.youtube.com/watch?v=fEXmmeTNpho"
"1669057645-1105","https://www.youtube.com/@TuVienChonNhu2/videos","Pháp Hành 0603 - VĐMinh, Vô minh - Trưởng lão Thích Thông Lạc","https://www.youtube.com/watch?v=IrZ_cwDhapo"
"1669057645-1106","https://www.youtube.com/@TuVienChonNhu2/videos","Pháp Hành 0604 - VĐTu tập để Chánh tri kiến sanh khởi - Trưởng lão Thích Thông Lạc","https://www.youtube.com/watch?v=SVF9_KLkkg4"
"1669057645-1107","https://www.youtube.com/@TuVienChonNhu2/videos","Pháp Hành 0605 - VĐNhư thế nào thì Tái sanh trong tương lai - Trưởng lão Thích Thông Lạc","https://www.youtube.com/watch?v=YHy7DQ4eSuI"
"1669057645-1108","https://www.youtube.com/@TuVienChonNhu2/videos","Pháp Hành 0602 - VĐTrí tuệ, Thức, Liễu tri - Trưởng lão Thích Thông Lạc","https://www.youtube.com/watch?v=KHipP_FwxqE"
"1669057645-1109","https://www.youtube.com/@TuVienChonNhu2/videos","Pháp Hành 0601 - VĐÝ thức thanh tịnh, Phật tánh - Trưởng lão Thích Thông Lạc","https://www.youtube.com/watch?v=lhzVoRYUaAs"
"1669057645-1110","https://www.youtube.com/@TuVienChonNhu2/videos","Pháp Hành 0513 - VĐPháp thiện - Pháp ác - Niệm thiện - Niệm ác - Trưởng lão Thích Thông Lạc","https://www.youtube.com/watch?v=ClP7ksPdARY"
"1669057645-1111","https://www.youtube.com/@TuVienChonNhu2/videos","Pháp Hành 0515 - TNX-Trên thân quán thân - Trưởng lão Thích Thông Lạc","https://www.youtube.com/watch?v=kA3Igb0l6FI"
"1669057645-1112","https://www.youtube.com/@TuVienChonNhu2/videos","Pháp Hành 0514 - VĐTu ức chế thì bùng khởi tâm dục, không giải thoát - Trưởng lão Thích Thông Lạc","https://www.youtube.com/watch?v=AI7zoNqx-iY"
"1669057645-1113","https://www.youtube.com/@TuVienChonNhu2/videos","Pháp Hành 0512 - VĐBắc Tông - Nam Tông - Trưởng lão Thích Thông Lạc","https://www.youtube.com/watch?v=QOh1xTx358k"
"1669057645-1114","https://www.youtube.com/@TuVienChonNhu2/videos","Pháp Hành 0511 - VĐThất kiết sử, Ngũ triền cái, Phòng hộ 6 căn - Trưởng lão Thích Thông Lạc","https://www.youtube.com/watch?v=YF3ZWugotv8"
"1669057645-1115","https://www.youtube.com/@TuVienChonNhu2/videos","Pháp Hành 0510 - VĐLựa chọn đúng câu pháp hướng nhắc tâm hoặc truyền lệnh - TL Thích Thông Lạc","https://www.youtube.com/watch?v=1kx67402fBU"
"1669057645-1116","https://www.youtube.com/@TuVienChonNhu2/videos","Pháp Hành 0509 - VĐNgồi kiết già khi tu thiền - Trưởng lão Thích Thông Lạc","https://www.youtube.com/watch?v=EYWx17xdiSk"
"1669057645-1117","https://www.youtube.com/@TuVienChonNhu2/videos","Pháp Hành 0508 - VĐCơ thể có vô thường khi nhập Định - Trưởng lão Thích Thông Lạc","https://www.youtube.com/watch?v=cdY_lQtnZNU"
"1669057645-1118","https://www.youtube.com/@TuVienChonNhu2/videos","Pháp Hành 0507 - VĐPháp hướng đối trị chướng ngại - Trưởng lão Thích Thông Lạc","https://www.youtube.com/watch?v=0-rEfW4X3Fk"
"1669057645-1119","https://www.youtube.com/@TuVienChonNhu2/videos","Pháp Hành 0505 - VĐTứ thiền - Trưởng lão Thích Thông Lạc","https://www.youtube.com/watch?v=t-VU8eFZzlU"
"1669057645-1120","https://www.youtube.com/@TuVienChonNhu2/videos","Pháp Hành 0506 - VĐNhiệt tâm trong pháp hướng khi tu thiền - Trưởng lão Thích Thông Lạc","https://www.youtube.com/watch?v=eAweqlEThL0"
"1669057645-1121","https://www.youtube.com/@TuVienChonNhu2/videos","Pháp Hành 0504 - VĐCứu cánh của TĐ và TT chỉ là Sắc tưởng và Pháp tưởng - TL Thích Thông Lạc","https://www.youtube.com/watch?v=t_nLiHLQqfI"
"1669057645-1122","https://www.youtube.com/@TuVienChonNhu2/videos","Pháp Hành 0503 - VĐTuổi trẻ hay tuổi già tu dễ hơn - Trưởng lão Thích Thông Lạc","https://www.youtube.com/watch?v=eNKB20OQ0JQ"
"1669057645-1123","https://www.youtube.com/@TuVienChonNhu2/videos","Pháp Hành 0502 - VĐCâu pháp hướng có hiệu quả - Trưởng lão Thích Thông Lạc","https://www.youtube.com/watch?v=Gsl4HcLQtyc"
"1669057645-1124","https://www.youtube.com/@TuVienChonNhu2/videos","Pháp Hành 0501 - VĐÝ thức thanh tịnh-Phật tánh, Trí tuệ-Thức, Minh-Vô Minh ... - TL Thích Thông Lạc","https://www.youtube.com/watch?v=T0wyGOlUSxI"
"1669057645-1125","https://www.youtube.com/@TuVienChonNhu2/videos","(VDTN) Lễ Tưởng Niệm Lần 7 Đức Trưởng Lão Thích Thông Lạc (01-01-2020)","https://www.youtube.com/watch?v=_2v6TnRSf8A"
"1669057645-1126","https://www.youtube.com/@TuVienChonNhu2/videos","Sách nói: Giới đức làm người - Tập 2 - Trưởng lão Thích Thông Lạc","https://www.youtube.com/watch?v=DESzA3i_tV4"
"1669057645-1127","https://www.youtube.com/@TuVienChonNhu2/videos","(VDTN) Cảm Tưởng Tri Ân Ngày Đức Trưởng Lão Thích Thông Lạc Nhập Diệt - Lần 5 năm 2018 (31/12/2017)","https://www.youtube.com/watch?v=dTW-rydoOr8"
"1669057645-1128","https://www.youtube.com/@TuVienChonNhu2/videos","(TMH) 20190811-Mùa An cư-Báo hiếu đúng chánh pháp-Mê tín - Thầy Thích Mật Hạnh","https://www.youtube.com/watch?v=0D_yw-MYk-I"
"1669057645-1129","https://www.youtube.com/@TuVienChonNhu2/videos","Sách nói: Đường về xứ Phật - Tập 6 - Trưởng lão Thích Thông Lạc - Bản cập nhật 15/05/2019","https://www.youtube.com/watch?v=o6CjZl0Ghps"
"1669057645-1130","https://www.youtube.com/@TuVienChonNhu2/videos","(VDTN) Cảm Tưởng Tri Ân Ngày Đức Trưởng Lão Thích Thông Lạc Nhập Diệt -  Lần 6/2019 (31/12/2018)","https://www.youtube.com/watch?v=DFJ0qvoNd78"
"1669057645-1131","https://www.youtube.com/@TuVienChonNhu2/videos","Sách nói: Thiền căn bản - Trưởng lão Thích Thông Lạc (Updated 02/05/2019)","https://www.youtube.com/watch?v=jXyAixxzZGk"
"1669057645-1132","https://www.youtube.com/@TuVienChonNhu2/videos","(VDTN) Lễ Tưởng Niệm Lần 6 Đức Trưởng Lão Thích Thông Lạc (01-01-2019)","https://www.youtube.com/watch?v=e59fakz1EVY"
"1669057645-1133","https://www.youtube.com/@TuVienChonNhu2/videos","(TS) Xác định pháp tu đúng - Trưởng lão Thích Thông Lạc","https://www.youtube.com/watch?v=lr-DsMkAygs"
"1669057645-1134","https://www.youtube.com/@TuVienChonNhu2/videos","(TS) Xả tâm tham sân si - Trưởng lão Thích Thông Lạc","https://www.youtube.com/watch?v=kM9ozo7l-d4"
"1669057645-1135","https://www.youtube.com/@TuVienChonNhu2/videos","(TS) Tứ Thánh Định - Trưởng lão Thích Thông Lạc","https://www.youtube.com/watch?v=Tok6w7xkM7k"
"1669057645-1136","https://www.youtube.com/@TuVienChonNhu2/videos","(TS) Tu hành phải nhiệt tâm - Trưởng lão Thích Thông Lạc","https://www.youtube.com/watch?v=eh3RFGvHr9A"
"1669057645-1137","https://www.youtube.com/@TuVienChonNhu2/videos","(TS) Tu tập vừa sức - Trả lời thưa hỏi - Trưởng lão Thích Thông Lạc","https://www.youtube.com/watch?v=OcIOFfdESac"
"1669057645-1138","https://www.youtube.com/@TuVienChonNhu2/videos","(TS) Thầy nhắc nhở-Dẫn tâm vào đạo-Trả lời thưa hỏi - Trưởng lão Thích Thông Lạc","https://www.youtube.com/watch?v=XXc3V-DDqqA"
"1669057645-1139","https://www.youtube.com/@TuVienChonNhu2/videos","(TS) Thiện xảo trong tu tập hơi thở - Trưởng lão Thích Thông Lạc","https://www.youtube.com/watch?v=ACK5Nus4g1U"
"1669057645-1140","https://www.youtube.com/@TuVienChonNhu2/videos","Pháp âm: Thanh quy Tu Viện Chơn Như - Trưởng lão Thích Thông Lạc","https://www.youtube.com/watch?v=i9DrS7SyE_c"
"1669057645-1141","https://www.youtube.com/@TuVienChonNhu2/videos","(TS) Phước Nhẫn vấn đạo-Thiền định giai đoạn 2 - Trưởng lão Thích Thông Lạc","https://www.youtube.com/watch?v=tEQ_65vHlnk"
"1669057645-1142","https://www.youtube.com/@TuVienChonNhu2/videos","(TS) Phước Nhẫn vấn đạo-Tứ Bất hoại tịnh-Khu rừng sáng chói - Trưởng lão Thích Thông Lạc","https://www.youtube.com/watch?v=vFWzGdG4hkY"
"1669057645-1143","https://www.youtube.com/@TuVienChonNhu2/videos","(TS) Phước Nhẫn vấn đạo - Sơ Thiền - Trưởng lão Thích Thông Lạc","https://www.youtube.com/watch?v=UY1Hqxwyef8"
"1669057645-1144","https://www.youtube.com/@TuVienChonNhu2/videos","(TS) Phước Nhẫn vấn đạo - Giải nghi công án thiền - Trưởng lão Thích Thông Lạc","https://www.youtube.com/watch?v=QunsypaEVxQ"
"1669057645-1145","https://www.youtube.com/@TuVienChonNhu2/videos","(TS) Muội lược tham, sân, si - Trưởng lão Thích Thông Lạc","https://www.youtube.com/watch?v=xGSNPZ_H1T8"
"1669057645-1146","https://www.youtube.com/@TuVienChonNhu2/videos","(TS) Pháp hướng tâm điều khiển hơi thở - Trưởng lão Thích Thông Lạc","https://www.youtube.com/watch?v=NoHDjgE8Jmw"
"1669057645-1147","https://www.youtube.com/@TuVienChonNhu2/videos","(TS) Những lời thầy nhắc nhở - Trưởng lão Thích Thông Lạc","https://www.youtube.com/watch?v=IhkyaAmIe1Y"
"1669057645-1148","https://www.youtube.com/@TuVienChonNhu2/videos","Pháp âm: Mục đích tu hành của TVCN - Trưởng lão Thích Thông Lạc","https://www.youtube.com/watch?v=mZzZrbZyZOA"
"1669057645-1149","https://www.youtube.com/@TuVienChonNhu2/videos","(TS) Mỹ Châu tham vấn - Trưởng lão Thích Thông Lạc","https://www.youtube.com/watch?v=5qFdMQISxU0"
"1669057645-1150","https://www.youtube.com/@TuVienChonNhu2/videos","(TS) Lời sách tấn của thầy - Trưởng lão Thích Thông Lạc","https://www.youtube.com/watch?v=_lFlep09W1A"
"1669057645-1151","https://www.youtube.com/@TuVienChonNhu2/videos","(TS) Lễ xuất gia - Trưởng lão Thích Thông Lạc","https://www.youtube.com/watch?v=3Y5EuerL5c8"
"1669057645-1152","https://www.youtube.com/@TuVienChonNhu2/videos","(TS) Hãy tinh tấn, Đừng tu sai-Nam - Trưởng lão Thích Thông Lạc","https://www.youtube.com/watch?v=EolD9Nivg5M"
"1669057645-1153","https://www.youtube.com/@TuVienChonNhu2/videos","(TS) Kim Tiên hỏi đạo-Khi thầy ẩn bóng - Trưởng lão Thích Thông Lạc","https://www.youtube.com/watch?v=WuzwHxGM_jg"
"1669057645-1154","https://www.youtube.com/@TuVienChonNhu2/videos","(TS) Hãy tinh tấn, Đừng tu sai-Nữ - Trưởng lão Thích Thông Lạc","https://www.youtube.com/watch?v=3nj9KLiJM5A"
"1669057645-1155","https://www.youtube.com/@TuVienChonNhu2/videos","(TS) Giới luật-Pháp tu không ức chế tâm - Trưởng lão Thích Thông Lạc","https://www.youtube.com/watch?v=T_l2uh0FLic"
"1669057645-1156","https://www.youtube.com/@TuVienChonNhu2/videos","(TS) Giới luật 3-Thiền xả tâm 1 - Trưởng lão Thích Thông Lạc","https://www.youtube.com/watch?v=5rf0iuCALQs"
"1669057645-1157","https://www.youtube.com/@TuVienChonNhu2/videos","(TS) Giới luật 4-Thiền xả tâm 2 - Trưởng lão Thích Thông Lạc","https://www.youtube.com/watch?v=ggTjf-WZVJ4"
"1669057645-1158","https://www.youtube.com/@TuVienChonNhu2/videos","(TS) Giới luật 1 - Trưởng lão Thích Thông Lạc","https://www.youtube.com/watch?v=mwl4OpDcyd8"
"1669057645-1159","https://www.youtube.com/@TuVienChonNhu2/videos","(TS) Giới luật 2 - Trưởng lão Thích Thông Lạc","https://www.youtube.com/watch?v=-6U0KNyEJlY"
"1669057645-1160","https://www.youtube.com/@TuVienChonNhu2/videos","(TS) Giới đức làm người-Lời nhắc nhở của Thầy - Trưởng lão Thích Thông Lạc","https://www.youtube.com/watch?v=GY4D8vihs70"
"1669057645-1161","https://www.youtube.com/@TuVienChonNhu2/videos","Pháp âm: Tham vấn Đường lối tu tập của TVCN - Trưởng lão Thích Thông Lạc","https://www.youtube.com/watch?v=5Z8UfGZpqiQ"
"1669057645-1162","https://www.youtube.com/@TuVienChonNhu2/videos","Pháp âm: Đường Lối Tu Hành Của Tu viện Chơn Như - Trưởng lão Thích Thông Lạc","https://www.youtube.com/watch?v=i7ErD9q5mb8"
"1669057645-1163","https://www.youtube.com/@TuVienChonNhu2/videos","(TS) Đức Phật làm chủ bệnh và lời di chúc cuối cùng - Trưởng lão Thích Thông Lạc","https://www.youtube.com/watch?v=leT0yWV9BIg"
"1669057645-1164","https://www.youtube.com/@TuVienChonNhu2/videos","(TS) Độc cư-Độc bộ-Độc hành - Trưởng lão Thích Thông Lạc","https://www.youtube.com/watch?v=2G75VpTe-8s"
"1669057645-1165","https://www.youtube.com/@TuVienChonNhu2/videos","(TS) Định niệm hơi thở khéo tác ý-Giải nghĩa các pháp - Trưởng lão Thích Thông Lạc","https://www.youtube.com/watch?v=MkmgMgqY1S0"
"1669057645-1166","https://www.youtube.com/@TuVienChonNhu2/videos","(TS) Định niệm hơi thở 3 - Trưởng lão Thích Thông Lạc","https://www.youtube.com/watch?v=27mZvbFw0rY"
"1669057645-1167","https://www.youtube.com/@TuVienChonNhu2/videos","(TS) Định niệm hơi thở-Bài pháp cuối - Trưởng lão Thích Thông Lạc","https://www.youtube.com/watch?v=-Bk-DwqIaF4"
"1669057645-1168","https://www.youtube.com/@TuVienChonNhu2/videos","(TS) Định niệm hơi thở-Giải đáp thắc mắc - Trưởng lão Thích Thông Lạc","https://www.youtube.com/watch?v=jQsl_NuW_Hs"
"1669057645-1169","https://www.youtube.com/@TuVienChonNhu2/videos","(TS) Định niệm hơi thở 1 - Trưởng lão Thích Thông Lạc","https://www.youtube.com/watch?v=VJyIb83x-yY"
"1669057645-1170","https://www.youtube.com/@TuVienChonNhu2/videos","(TS) Định niệm hơi thở 2 - Trưởng lão Thích Thông Lạc","https://www.youtube.com/watch?v=VEPyQ3ytUO4"
"1669057645-1171","https://www.youtube.com/@TuVienChonNhu2/videos","(TS) Không làm điều ác-Tâm tự thanh tịnh - Trưởng lão Thích Thông Lạc","https://www.youtube.com/watch?v=jzJs36sGJ7w"
"1669057645-1172","https://www.youtube.com/@TuVienChonNhu2/videos","(TS) 20120630-Lần gặp sau cùng Sách tấn tu sinh - Trưởng lão Thích Thông Lạc","https://www.youtube.com/watch?v=5Cle5Yv_WWs"
"1669057645-1173","https://www.youtube.com/@TuVienChonNhu2/videos","(TS) 20121208-Thầy dạy sau bức tâm thư cuối cùng","https://www.youtube.com/watch?v=ZbwjA5Oq2sI"
"1669057645-1174","https://www.youtube.com/@TuVienChonNhu2/videos","(TS) 20120520-Thầy dạy Tu sinh nam - Trưởng lão Thích Thông Lạc","https://www.youtube.com/watch?v=UzR-hkPRyFA"
"1669057645-1175","https://www.youtube.com/@TuVienChonNhu2/videos","(TS) 20120324-Thầy Sách Tấn Tu Hành - Trưởng lão Thích Thông Lạc","https://www.youtube.com/watch?v=qWshcX0eJRk"
"1669057645-1176","https://www.youtube.com/@TuVienChonNhu2/videos","(TS) 20120513-Triển khai tri kiến-Ban đời sống - Trưởng lão Thích Thông Lạc","https://www.youtube.com/watch?v=JnGDuu_Mhxw"
"1669057645-1177","https://www.youtube.com/@TuVienChonNhu2/videos","(TS) 20120427-Làm chủ bệnh-Tập tỉnh thức - Trưởng lão Thích Thông Lạc","https://www.youtube.com/watch?v=gDZykhub8x4"
"1669057645-1178","https://www.youtube.com/@TuVienChonNhu2/videos","(TS) 20120212-Triển khai tri kiến giải thoát-Thầy răn nhắc - Trưởng lão Thích Thông Lạc","https://www.youtube.com/watch?v=AF2OGKs_Z9M"
"1669057645-1179","https://www.youtube.com/@TuVienChonNhu2/videos","(TS) 2012-Sư Gia Hạnh tham vấn 2 - Trưởng lão Thích Thông Lạc","https://www.youtube.com/watch?v=Gol2yKmLTgU"
"1669057645-1180","https://www.youtube.com/@TuVienChonNhu2/videos","(TS) 2012-Sư Gia Hạnh tham vấn 1 - Trưởng lão Thích Thông Lạc","https://www.youtube.com/watch?v=1trwwjF2TEw"
"1669057645-1181","https://www.youtube.com/@TuVienChonNhu2/videos","(TS) 2012-Lớp cấp tốc-2 - Trưởng lão Thích Thông Lạc","https://www.youtube.com/watch?v=2oS29JxRr38"
"1669057645-1182","https://www.youtube.com/@TuVienChonNhu2/videos","(TS) 2012-Lớp cấp tốc-1 - Trưởng lão Thích Thông Lạc","https://www.youtube.com/watch?v=lbayovb7QUk"
"1669057645-1183","https://www.youtube.com/@TuVienChonNhu2/videos","(TS) 20111222-Nữ-Pháp ta không có thời gian-Thầy sách tấn - Trưởng lão Thích Thông Lạc","https://www.youtube.com/watch?v=bDFAarfyl-c"
"1669057645-1184","https://www.youtube.com/@TuVienChonNhu2/videos","(TS) 20111220-Nam-Pháp ta không có thời gian-Thầy sách tấn - Trưởng lão Thích Thông Lạc","https://www.youtube.com/watch?v=fFVfUhvkK_k"
"1669057645-1185","https://www.youtube.com/@TuVienChonNhu2/videos","(TS) 20110209-Nữ-Pháp tu chứng đạo - Trưởng lão Thích Thông Lạc","https://www.youtube.com/watch?v=JSO60s4tkts"
"1669057645-1186","https://www.youtube.com/@TuVienChonNhu2/videos","(TS) 20110918-Triển khai tri kiến giải thoát-Thầy dạy toàn chúng - Trưởng lão Thích Thông Lạc","https://www.youtube.com/watch?v=7w23pv9ppZY"
"1669057645-1187","https://www.youtube.com/@TuVienChonNhu2/videos","(TS) 20110207-Thầy dạy Tu Sinh Nam-Khu chuyên tu - Trưởng lão Thích Thông Lạc","https://www.youtube.com/watch?v=U7MPU3QlTSw"
"1669057645-1188","https://www.youtube.com/@TuVienChonNhu2/videos","(TS) 20110119-Thầy dạy Ban đời sống - Trưởng lão Thích Thông Lạc","https://www.youtube.com/watch?v=j1d_oJSyx1g"
"1669057645-1189","https://www.youtube.com/@TuVienChonNhu2/videos","(TS) 20101222-Thiện pháp là yêu thương và tha thứ - Trưởng lão Thích Thông Lạc","https://www.youtube.com/watch?v=5x6G4TB3YMY"
"1669057645-1190","https://www.youtube.com/@TuVienChonNhu2/videos","(TS) 20101227-Sư Minh Độ tham vấn - Trưởng lão Thích Thông Lạc","https://www.youtube.com/watch?v=dpS-4NGTeB8"
"1669057645-1191","https://www.youtube.com/@TuVienChonNhu2/videos","(TS) 20101116-Thầy dạy Ban đời sống - Trưởng lão Thích Thông Lạc","https://www.youtube.com/watch?v=HaJ-Qf6thEw"
"1669057645-1192","https://www.youtube.com/@TuVienChonNhu2/videos","(TS) 20100908-Thầy dạy Tu Sinh nữ - Trưởng lão Thích Thông Lạc","https://www.youtube.com/watch?v=8dp8RUNAwwE"
"1669057645-1193","https://www.youtube.com/@TuVienChonNhu2/videos","(TS) 20100725-Như Lý Tác Ý-Thầy dạy Ban đời sống - Trưởng lão Thích Thông Lạc","https://www.youtube.com/watch?v=QJ0UIlh5m6s"
"1669057645-1194","https://www.youtube.com/@TuVienChonNhu2/videos","(TS) 20100828-Sư Chơn Thành vấn đạo - Trưởng lão Thích Thông Lạc","https://www.youtube.com/watch?v=W_O_PxvdusU"
"1669057645-1195","https://www.youtube.com/@TuVienChonNhu2/videos","(TS) 20100722-Sư Phước Tồn vấn đạo - Trưởng lão Thích Thông Lạc","https://www.youtube.com/watch?v=xFst94FF1Gc"
"1669057645-1196","https://www.youtube.com/@TuVienChonNhu2/videos","(TS) 20100617-Nữ-Triển khai tri kiến giải thoát - Trưởng lão Thích Thông Lạc","https://www.youtube.com/watch?v=Y_Ntgqd_qgQ"
"1669057645-1197","https://www.youtube.com/@TuVienChonNhu2/videos","(TS) 20100412-Hiểu đúng Phật pháp-Nhắc giữ độc cư & Chọn người vào tu - Trưởng lão Thích Thông Lạc","https://www.youtube.com/watch?v=prTaw9hhpT8"
"1669057645-1198","https://www.youtube.com/@TuVienChonNhu2/videos","(TS) 20100226-Pháp tu tâm Bất Động - Trưởng lão Thích Thông Lạc","https://www.youtube.com/watch?v=pwIas9E_yac"
"1669057645-1199","https://www.youtube.com/@TuVienChonNhu2/videos","(TS) 20091208-Làm bài phân lớp Tu Sinh - Trưởng lão Thích Thông Lạc","https://www.youtube.com/watch?v=fcHFDl5DBA4"
"1669057645-1200","https://www.youtube.com/@TuVienChonNhu2/videos","(TS) 20091011-Như Lý Tác ý - Trưởng lão Thích Thông Lạc","https://www.youtube.com/watch?v=mCCnOprqtag"
"1669057645-1201","https://www.youtube.com/@TuVienChonNhu2/videos","(TS0 20091125-Sư Gia Hạnh trình pháp - Trưởng lão Thích Thông Lạc","https://www.youtube.com/watch?v=Fk4WOJigxyw"
"1669057645-1202","https://www.youtube.com/@TuVienChonNhu2/videos","(TS) 20090820-Chứng đạo của đạo Phật - Trưởng lão Thích Thông Lạc","https://www.youtube.com/watch?v=T1KB8qxsS8c"
"1669057645-1203","https://www.youtube.com/@TuVienChonNhu2/videos","(TS) 20090809-Nữ-Sắp xếp các lớp tu & Nhắc nhở - Trưởng lão Thích Thông Lạc","https://www.youtube.com/watch?v=V1QH6V-AFtU"
"1669057645-1204","https://www.youtube.com/@TuVienChonNhu2/videos","20090805-Pháp hành căn bản-Người mới tu tập","https://www.youtube.com/watch?v=m3ozqkmkRK0"
"1669057645-1205","https://www.youtube.com/@TuVienChonNhu2/videos","(TS) 20090809-Nam-Sắp xếp các lớp tu & Nhắc nhở - Trưởng lão Thích Thông Lạc","https://www.youtube.com/watch?v=hhFWOcksnTs"
"1669057645-1206","https://www.youtube.com/@TuVienChonNhu2/videos","(TS) 20090714-Tu tập để thoát khổ-Thầy sách tấn tu hành - Trưởng lão Thích Thông Lạc","https://www.youtube.com/watch?v=cHuGAidbxfo"
"1669057645-1207","https://www.youtube.com/@TuVienChonNhu2/videos","(TS) 20090704-Giữ tâm Bất Động-Sách tấn tu hành - Trưởng lão Thích Thông Lạc","https://www.youtube.com/watch?v=q0-54ZF_rZU"
"1669057645-1208","https://www.youtube.com/@TuVienChonNhu2/videos","(TS) 20090706-Căn bản tu tập - Trưởng lão Thích Thông Lạc","https://www.youtube.com/watch?v=atdJ8LUxl1s"
"1669057645-1209","https://www.youtube.com/@TuVienChonNhu2/videos","(TS) 20090618-Ái kiết sử - Trưởng lão Thích Thông Lạc","https://www.youtube.com/watch?v=6t4CZpqlAu4"
"1669057645-1210","https://www.youtube.com/@TuVienChonNhu2/videos","(TS) 20090604-Thầy dạy tăng đoàn - Trưởng lão Thích Thông Lạc","https://www.youtube.com/watch?v=8j1Hpb8UDoI"
"1669057645-1211","https://www.youtube.com/@TuVienChonNhu2/videos","(TS) 20090609-Phòng hộ các căn - Trưởng lão Thích Thông Lạc","https://www.youtube.com/watch?v=xFWfbV0TgXs"
"1669057645-1212","https://www.youtube.com/@TuVienChonNhu2/videos","(TS) 20090313-Những gì cần tu tập 05-Nam - Trưởng lão Thích Thông Lạc","https://www.youtube.com/watch?v=r7umdOTfQjM"
"1669057645-1213","https://www.youtube.com/@TuVienChonNhu2/videos","(TS) 20081223-Những gì cần tu tập 04-Nữ-Định niệm hơi thở - Trưởng lão Thích Thông Lạc","https://www.youtube.com/watch?v=JsTo2T37P7I"
"1669057645-1214","https://www.youtube.com/@TuVienChonNhu2/videos","(TS) 20081011-Những gì cần tu tập 03 - Trưởng lão Thích Thông Lạc","https://www.youtube.com/watch?v=zOn_WfuPylU"
"1669057645-1215","https://www.youtube.com/@TuVienChonNhu2/videos","(TS) 20081010-Những gì cần tu tập 02-Thầy trả lời thưa hỏi - Trưởng lão Thích Thông Lạc","https://www.youtube.com/watch?v=AFPvCDiwDow"
"1669057645-1216","https://www.youtube.com/@TuVienChonNhu2/videos","(TS) 20080925-Thầy về chấn chỉnh tăng đoàn bước qua giai đoạn mới - Trưởng lão Thích Thông Lạc","https://www.youtube.com/watch?v=LAHwvmPd3Oo"
"1669057645-1217","https://www.youtube.com/@TuVienChonNhu2/videos","(TS) 20081007-Những gì cần tu tập 01-Vấn đề tổ chức - Trưởng lão Thích Thông Lạc","https://www.youtube.com/watch?v=uyENTUZ5Xcw"
"1669057645-1218","https://www.youtube.com/@TuVienChonNhu2/videos","(PT) 20080925-Xây dựng Trung Tâm An Dưỡng - Trưởng lão Thích Thông Lạc","https://www.youtube.com/watch?v=h_b3spIx4V0"
"1669057645-1219","https://www.youtube.com/@TuVienChonNhu2/videos","(TS) 20080809-Thầy về chọn người tu Tứ Niệm Xứ - Trưởng lão Thích Thông Lạc","https://www.youtube.com/watch?v=shI_WeoPv6M"
"1669057645-1220","https://www.youtube.com/@TuVienChonNhu2/videos","(TS) 20080912-Vấn đạo tu tập - Trưởng lão Thích Thông Lạc","https://www.youtube.com/watch?v=ZxJWXvFUWaQ"
"1669057645-1221","https://www.youtube.com/@TuVienChonNhu2/videos","(TS) 20080912-Vấn đạo tu tập 2 - Trưởng lão Thích Thông Lạc","https://www.youtube.com/watch?v=URzZyeyFpf8"
"1669057645-1222","https://www.youtube.com/@TuVienChonNhu2/videos","(TS) 20080815-Lễ xuất gia Tu Sinh Nam - Trưởng lão Thích Thông Lạc","https://www.youtube.com/watch?v=X7Pns2YcWBA"
"1669057645-1223","https://www.youtube.com/@TuVienChonNhu2/videos","(TS) 20080720-Thấy lỗi mình - Trưởng lão Thích Thông Lạc","https://www.youtube.com/watch?v=SQhvYx8RFfU"
"1669057645-1224","https://www.youtube.com/@TuVienChonNhu2/videos","(TS) 20080815-Lễ xuất gia Tu Sinh Nữ - Trưởng lão Thích Thông Lạc","https://www.youtube.com/watch?v=fNsIRGaVIXE"
"1669057645-1225","https://www.youtube.com/@TuVienChonNhu2/videos","(TS) 20080705-Thầy sách tấn Tu Sinh Nam - Trưởng lão Thích Thông Lạc","https://www.youtube.com/watch?v=fBAbIrcM-PA"
"1669057645-1226","https://www.youtube.com/@TuVienChonNhu2/videos","(TS) 20080705-Thầy ra thăm sư Giác Thường - Trưởng lão Thích Thông Lạc","https://www.youtube.com/watch?v=yskI4L2U254"
"1669057645-1227","https://www.youtube.com/@TuVienChonNhu2/videos","(TS) 20080413-Pháp duy nhất chứng đạo & xả bệnh trên thân - Trưởng lão Thích Thông Lạc","https://www.youtube.com/watch?v=S42ZZxU4wkA"
"1669057645-1228","https://www.youtube.com/@TuVienChonNhu2/videos","(TS) 20080705-Giới luật 3 - Trưởng lão Thích Thông Lạc","https://www.youtube.com/watch?v=EgYV81kAs_8"
"1669057645-1229","https://www.youtube.com/@TuVienChonNhu2/videos","(TS) 20080626-Nhìn tâm mình, hạnh độc cư - Trưởng lão Thích Thông Lạc","https://www.youtube.com/watch?v=WkHLN5TVA1Q"
"1669057645-1230","https://www.youtube.com/@TuVienChonNhu2/videos","(TS) 20080622-Thầy về thăm lớp nữ - Trưởng lão Thích Thông Lạc","https://www.youtube.com/watch?v=j2ntr9ckfT0"
"1669057645-1231","https://www.youtube.com/@TuVienChonNhu2/videos","(TS) 20080620-Thầy về thăm và sách tấn - Trưởng lão Thích Thông Lạc","https://www.youtube.com/watch?v=i0DDxtQmO3A"
"1669057645-1232","https://www.youtube.com/@TuVienChonNhu2/videos","(TS) 20080607-Giới luật 2 - Trưởng lão Thích Thông Lạc","https://www.youtube.com/watch?v=oyLaB3Fzt0w"
"1669057645-1233","https://www.youtube.com/@TuVienChonNhu2/videos","(TS) 20080607-Giới luật 1 - Trưởng lão Thích Thông Lạc","https://www.youtube.com/watch?v=tdTXE9zgWVc"
"1669057645-1234","https://www.youtube.com/@TuVienChonNhu2/videos","(TS) 20080518-Thầy nói về Vesak2008-Có 3 pháp chuyển nghiệp bệnh - Trưởng lão Thích Thông Lạc","https://www.youtube.com/watch?v=r1cCUvp7mRQ"
"1669057645-1235","https://www.youtube.com/@TuVienChonNhu2/videos","(TS) 20080504-Lời di chúc của thầy-Chọn người tu Tứ Niệm Xứ - Trưởng lão Thích Thông Lạc","https://www.youtube.com/watch?v=5g3sqj9hhxc"
"1669057645-1236","https://www.youtube.com/@TuVienChonNhu2/videos","(TS) 20080404-Nam-Thầy nhắc nhở tu tập từng giai đoạn - Trưởng lão Thích Thông Lạc","https://www.youtube.com/watch?v=1LXoB5AqmbU"
"1669057645-1237","https://www.youtube.com/@TuVienChonNhu2/videos","(TS) 20080501-Thầy ra thăm sư Giác Thường - Trưởng lão Thích Thông Lạc","https://www.youtube.com/watch?v=dVDaU0dfCn4"
"1669057645-1238","https://www.youtube.com/@TuVienChonNhu2/videos","(TS) 20080413-Đối trị tâm sắc dục - Trưởng lão Thích Thông Lạc","https://www.youtube.com/watch?v=fmqchkUfaqM&t=57s"
"1669057645-1239","https://www.youtube.com/@TuVienChonNhu2/videos","(TS) 20080404-Thầy dạy Tứ Chánh Cần - Trưởng lão Thích Thông Lạc","https://www.youtube.com/watch?v=MKVSM28AZac"
"1669057645-1240","https://www.youtube.com/@TuVienChonNhu2/videos","(TS) 20080329-Thầy sách tấn Tu Sinh nữ - Trưởng lão Thích Thông Lạc","https://www.youtube.com/watch?v=Kt_GYlf0lmA"
"1669057645-1241","https://www.youtube.com/@TuVienChonNhu2/videos","(TS) 20080328-Phá hôn trầm để an trú tu tập Tứ Niệm Xứ - Trưởng lão Thích Thông Lạc","https://www.youtube.com/watch?v=YVBOucCBO0k"
"1669057645-1242","https://www.youtube.com/@TuVienChonNhu2/videos","(TS) 20080329-Nu-Thầy kiểm tra nhiếp tâm, phá hôn trầm trước khi an trú - Trưởng lão Thích Thông Lạc","https://www.youtube.com/watch?v=0ij9J_KQbSM"
"1669057645-1243","https://www.youtube.com/@TuVienChonNhu2/videos","(TS) 20080322-Thầy nhắc nhở và sách tấn-Phân biệt nhiếp tâm & tỉnh thức - Trưởng lão Thích Thông Lạc","https://www.youtube.com/watch?v=DM3-YjfJZi4"
"1669057645-1244","https://www.youtube.com/@TuVienChonNhu2/videos","(TS) 20080313-Nữ-Thầy kiểm tra nhiếp tâm an trú - Trưởng lão Thích Thông Lạc","https://www.youtube.com/watch?v=ALJfkFVuDro"
"1669057645-1245","https://www.youtube.com/@TuVienChonNhu2/videos","(TS) 20080321-Thầy nhắc nhở và sách tấn-Căn bản nhiếp tâm - Trưởng lão Thích Thông Lạc","https://www.youtube.com/watch?v=w3IGTyKiHNY"
"1669057645-1246","https://www.youtube.com/@TuVienChonNhu2/videos","(TS) 20080313-Nam-Thầy kiểm tra nhiếp tâm an trú - Trưởng lão Thích Thông Lạc","https://www.youtube.com/watch?v=xLCTsAiXLIo"
"1669057645-1247","https://www.youtube.com/@TuVienChonNhu2/videos","(TS) 20080307-Nam-Thầy kiểm tra và sách tấn tu tập - Trưởng lão Thích Thông Lạc","https://www.youtube.com/watch?v=UyNl3bBvv_Q"
"1669057645-1248","https://www.youtube.com/@TuVienChonNhu2/videos","(TS) 20080315-Trị bệnh bằng pháp Phật - Trưởng lão Thích Thông Lạc","https://www.youtube.com/watch?v=uln3OnJaDPo"
"1669057645-1249","https://www.youtube.com/@TuVienChonNhu2/videos","(TS) 20080306-Nam-Thầy kiểm tra và sách tấn tu tập - Trưởng lão Thích Thông Lạc","https://www.youtube.com/watch?v=g2fbvO7vSQ4"
"1669057645-1250","https://www.youtube.com/@TuVienChonNhu2/videos","(TS) 20080227-Nam-Thầy kiểm tra sắp lớp tu tập nhiếp tâm - Trưởng lão Thích Thông Lạc","https://www.youtube.com/watch?v=Iuh6QLxwOcw"
"1669057645-1251","https://www.youtube.com/@TuVienChonNhu2/videos","(TS) 20080306-Nữ-Thầy kiểm tra và sách tấn tu tập - Trưởng lão Thích Thông Lạc","https://www.youtube.com/watch?v=9vyb5KrY-Q0"
"1669057645-1252","https://www.youtube.com/@TuVienChonNhu2/videos","(TS) 20080227-Nữ-Thầy kiểm tra sắp lớp tu tập nhiếp tâm - Trưởng lão Thích Thông Lạc","https://www.youtube.com/watch?v=XB6xDPPSzik"
"1669057645-1253","https://www.youtube.com/@TuVienChonNhu2/videos","(TS) 20080224-Nam 2-Thầy dạy và kiểm tra nhiếp tâm - Trưởng lão Thích Thông Lạc","https://www.youtube.com/watch?v=b6JRDwe7Y_M"
"1669057645-1254","https://www.youtube.com/@TuVienChonNhu2/videos","(TS) 20080224-Nam 1-Thầy kiểm tra tư thế ngồi trước khi nhiếp tâm - Trưởng lão Thích Thông Lạc","https://www.youtube.com/watch?v=FWEkAPsassY"
"1669057645-1255","https://www.youtube.com/@TuVienChonNhu2/videos","(TS) 20080223-Nam-Thầy kiểm tra và dạy cơ bản nhiếp tâm - Trưởng lão Thích Thông Lạc","https://www.youtube.com/watch?v=2_awItLG0IE"
"1669057645-1256","https://www.youtube.com/@TuVienChonNhu2/videos","(TS) 20080222-Nam-Thầy kiểm tra tri kiến, nhiếp tâm và an trú - Trưởng lão Thích Thông Lạc","https://www.youtube.com/watch?v=gPdglbBkiPg"
"1669057645-1257","https://www.youtube.com/@TuVienChonNhu2/videos","(TS) 20080223-Nữ-Thầy kiểm tra và dạy cơ bản nhiếp tâm - Trưởng lão Thích Thông Lạc","https://www.youtube.com/watch?v=phvc1lNdBtc"
"1669057645-1258","https://www.youtube.com/@TuVienChonNhu2/videos","(TS) 20080202-Thầy dạy Kim Quang - Trưởng lão Thích Thông Lạc","https://www.youtube.com/watch?v=_u190EaOVQ4"
"1669057645-1259","https://www.youtube.com/@TuVienChonNhu2/videos","(TS) 20080207-Thầy về thăm Tu Sinh Nam - Trưởng lão Thích Thông Lạc","https://www.youtube.com/watch?v=jUTuNA_pckc"
"1669057645-1260","https://www.youtube.com/@TuVienChonNhu2/videos","(TS) 2005-Tham vấn Mùa an cư-14 - Trưởng lão Thích Thông Lạc","https://www.youtube.com/watch?v=KVgP30HXlmA"
"1669057645-1261","https://www.youtube.com/@TuVienChonNhu2/videos","(TS) 2005-Tham vấn Mùa an cư -13 - Trưởng lão Thích Thông Lạc","https://www.youtube.com/watch?v=50PDMvE7WMA"
"1669057645-1262","https://www.youtube.com/@TuVienChonNhu2/videos","(TS) 2005-Tham vấn Mùa an cư -12 - Trưởng lão Thích Thông Lạc","https://www.youtube.com/watch?v=Z8UwkubNWOM"
"1669057645-1263","https://www.youtube.com/@TuVienChonNhu2/videos","(TS) 2005-Tham vấn Mùa an cư -11 - Trưởng lão Thích Thông Lạc","https://www.youtube.com/watch?v=xuVC-8AAcCw"
"1669057645-1264","https://www.youtube.com/@TuVienChonNhu2/videos","(TS) 2005-Tham vấn Mùa an cư -10 - Trưởng lão Thích Thông Lạc","https://www.youtube.com/watch?v=KdJl-tvCAmI"
"1669057645-1265","https://www.youtube.com/@TuVienChonNhu2/videos","(TS) 2005-Tham vấn Mùa an cư -09 - Trưởng lão Thích Thông Lạc","https://www.youtube.com/watch?v=4r-welQZgZk"
"1669057645-1266","https://www.youtube.com/@TuVienChonNhu2/videos","(TS) 2005-Tham vấn Mùa an cư -08 - Trưởng lão Thích Thông Lạc","https://www.youtube.com/watch?v=PtQdVahNnfM"
"1669057645-1267","https://www.youtube.com/@TuVienChonNhu2/videos","(TS) 2005-Tham vấn Mùa an cư -07 - Trưởng lão Thích Thông Lạc","https://www.youtube.com/watch?v=wR3HvROT4vE"
"1669057645-1268","https://www.youtube.com/@TuVienChonNhu2/videos","(TS) 2005-Tham vấn Mùa an cư -06 - Trưởng lão Thích Thông Lạc","https://www.youtube.com/watch?v=2cEucheZqxg"
"1669057645-1269","https://www.youtube.com/@TuVienChonNhu2/videos","(TS) 2005-Tham vấn Mùa an cư -04 - Trưởng lão Thích Thông Lạc","https://www.youtube.com/watch?v=oIXwvjyvexg"
"1669057645-1270","https://www.youtube.com/@TuVienChonNhu2/videos","(TS) 2005-Tham vấn Mùa an cư -05 - Trưởng lão Thích Thông Lạc","https://www.youtube.com/watch?v=3XO1cJMDWWY"
"1669057645-1271","https://www.youtube.com/@TuVienChonNhu2/videos","(TS) 2005-Tham vấn Mùa an cư -03 - Trưởng lão Thích Thông Lạc","https://www.youtube.com/watch?v=ss6xUtodTak"
"1669057645-1272","https://www.youtube.com/@TuVienChonNhu2/videos","(TS) 2005-Tham vấn Mùa an cư -02 - Trưởng lão Thích Thông Lạc","https://www.youtube.com/watch?v=gRUNJgHHq98"
"1669057645-1273","https://www.youtube.com/@TuVienChonNhu2/videos","(TS) 2005-Tham vấn Mùa an cư -01 - Trưởng lão Thích Thông Lạc","https://www.youtube.com/watch?v=S5FBvZCFBKo"
"1669057645-1274","https://www.youtube.com/@TuVienChonNhu2/videos","(TS) 20071101-Nam-Thầy về Tu viện - Trưởng lão Thích Thông Lạc","https://www.youtube.com/watch?v=b82qv72sY7E"
"1669057645-1275","https://www.youtube.com/@TuVienChonNhu2/videos","(TS) 20071101-Nữ-Thầy về Tu viện - Trưởng lão Thích Thông Lạc","https://www.youtube.com/watch?v=QY0EViuHCz8"
"1669057645-1276","https://www.youtube.com/@TuVienChonNhu2/videos","(TS) 2005-Nghiệp và Chuyển Nghiệp - Trưởng lão Thích Thông Lạc","https://www.youtube.com/watch?v=vZeENSaFfWI"
"1669057645-1277","https://www.youtube.com/@TuVienChonNhu2/videos","(TS) 20060617-Yếu chỉ tu tập - Trưởng lão Thích Thông Lạc","https://www.youtube.com/watch?v=Me57Uj5-q8w"
"1669057645-1278","https://www.youtube.com/@TuVienChonNhu2/videos","(TS) 2007-Lớp đào tạo người tu chứng - Trưởng lão Thích Thông Lạc","https://www.youtube.com/watch?v=0KnUP5qSiMc"
"1669057645-1279","https://www.youtube.com/@TuVienChonNhu2/videos","(TS) 20060722-Phước Tồn tham vấn - Trưởng lão Thích Thông Lạc","https://www.youtube.com/watch?v=XNckop6dFig"
"1669057645-1280","https://www.youtube.com/@TuVienChonNhu2/videos","(TS) 20101128-Thầy Dạy Toàn Thể Tu Sinh - Trưởng lão Thích Thông Lạc","https://www.youtube.com/watch?v=w6MdS28jGNU"
"1669057645-1281","https://www.youtube.com/@TuVienChonNhu2/videos","(TS) 20040113-Chuẩn bị phạm hạnh để có ngày xuất gia - Trưởng lão Thích Thông Lạc","https://www.youtube.com/watch?v=FrPIvtBZdcM"
"1669057645-1282","https://www.youtube.com/@TuVienChonNhu2/videos","(TS) 20060227-Vấn đạo - Trưởng lão Thích Thông Lạc","https://www.youtube.com/watch?v=XKrSmMNxmMQ"
"1669057645-1283","https://www.youtube.com/@TuVienChonNhu2/videos","(TS) 20030421-Tu Tập Là Xả Tâm - Trưởng lão Thích Thông Lạc","https://www.youtube.com/watch?v=9f3Rb_Fvj1U"
"1669057645-1284","https://www.youtube.com/@TuVienChonNhu2/videos","(TS) 20010811-Tham Vấn Nhập Sơ Thiền - Trưởng lão Thích Thông Lạc","https://www.youtube.com/watch?v=-UEVACY9CgQ"
"1669057645-1285","https://www.youtube.com/@TuVienChonNhu2/videos","(TS) 2001-Cách sống & tu của người tu sĩ - Trưởng lão Thích Thông Lạc","https://www.youtube.com/watch?v=gDERdfu40sQ"
"1669057645-1286","https://www.youtube.com/@TuVienChonNhu2/videos","(TS) 200001-Phước Nhẫn vấn đạo 2 - Trưởng lão Thích Thông Lạc","https://www.youtube.com/watch?v=GiQIVTEHU3I"
"1669057645-1287","https://www.youtube.com/@TuVienChonNhu2/videos","(TS) 200001-Phước Nhẫn vấn đạo 3 - Trưởng lão Thích Thông Lạc","https://www.youtube.com/watch?v=E_K0DC3lAR4"
"1669057645-1288","https://www.youtube.com/@TuVienChonNhu2/videos","(TS) 200001-Phước Nhẫn Vấn Đạo 1 - Trưởng lão Thích Thông Lạc","https://www.youtube.com/watch?v=tPOj7nOaoko"
"1669057645-1289","https://www.youtube.com/@TuVienChonNhu2/videos","(TS) 2000-Tu tập giải thoát 2-Đạo đức giải thoát - Trưởng lão Thích Thông Lạc","https://www.youtube.com/watch?v=L2ZHgLuKQ7U"
"1669057645-1290","https://www.youtube.com/@TuVienChonNhu2/videos","(TS) 2000-Tu tập giải thoát 1 - Trưởng lão Thích Thông Lạc","https://www.youtube.com/watch?v=Uis_xDpliO8"
"1669057645-1291","https://www.youtube.com/@TuVienChonNhu2/videos","(TMH) 20180812-Cách Tu Tập Xả Tâm Cho Cư Sĩ - Thầy Thích Mật Hạnh","https://www.youtube.com/watch?v=jDt28ghSsbc"
"1669057645-1292","https://www.youtube.com/@TuVienChonNhu2/videos","CTD05-(Nm)- Lớp Chánh Tư Duy - Trưởng lão Thích Thông Lạc","https://www.youtube.com/watch?v=OziekVRGChQ"
"1669057645-1293","https://www.youtube.com/@TuVienChonNhu2/videos","CTD06-(Nu)- Lớp Chánh Tư Duy - Trưởng lão Thích Thông Lạc","https://www.youtube.com/watch?v=3kERi-ifm4w"
"1669057645-1294","https://www.youtube.com/@TuVienChonNhu2/videos","CTD03-(Chung)- Lớp Chánh Tư Duy - Trưởng lão Thích Thông Lạc","https://www.youtube.com/watch?v=lMHsHLLuPNM"
"1669057645-1295","https://www.youtube.com/@TuVienChonNhu2/videos","CTD02-(Nm)- Lớp Chánh Tư Duy - Trưởng lão Thích Thông Lạc","https://www.youtube.com/watch?v=pIuYejk40fc"
"1669057645-1296","https://www.youtube.com/@TuVienChonNhu2/videos","CTD08-(Nm)- Lớp Chánh Tư Duy - Trưởng lão Thích Thông Lạc","https://www.youtube.com/watch?v=wrQtuTUsDmw"
"1669057645-1297","https://www.youtube.com/@TuVienChonNhu2/videos","CTD07-(Nm)- Lớp Chánh Tư Duy - Trưởng lão Thích Thông Lạc","https://www.youtube.com/watch?v=yneew5A2RGU"
"1669057645-1298","https://www.youtube.com/@TuVienChonNhu2/videos","CTD04-(Nu)- Lớp Chánh Tư Duy - Trưởng lão Thích Thông Lạc","https://www.youtube.com/watch?v=whiPCo6EBRY"
"1669057645-1299","https://www.youtube.com/@TuVienChonNhu2/videos","CTD01(Nu)- Lớp Chánh Tư Duy - Trưởng lão Thích Thông Lạc","https://www.youtube.com/watch?v=07vfJV2phmE"
"1669057645-1300","https://www.youtube.com/@TuVienChonNhu2/videos","CK099B-(Nm)- Lớp Chánh Kiến - Trưởng lão Thích Thông Lạc","https://www.youtube.com/watch?v=4_0inmVqb9c"
"1669057645-1301","https://www.youtube.com/@TuVienChonNhu2/videos","CK099C-(Nm)- Lớp Chánh Kiến - Trưởng lão Thích Thông Lạc","https://www.youtube.com/watch?v=llw5MbclJ_0"
"1669057645-1302","https://www.youtube.com/@TuVienChonNhu2/videos","CK099A-(Nm)- Lớp Chánh Kiến - Trưởng lão Thích Thông Lạc","https://www.youtube.com/watch?v=hqiMdw_54Vs"
"1669057645-1303","https://www.youtube.com/@TuVienChonNhu2/videos","CK109-(Nu)- Lớp Chánh Kiến - Trưởng lão Thích Thông Lạc","https://www.youtube.com/watch?v=7X3TwUozNCs"
"1669057645-1304","https://www.youtube.com/@TuVienChonNhu2/videos","CK108-(Nm)- Lớp Chánh Kiến - Trưởng lão Thích Thông Lạc","https://www.youtube.com/watch?v=5pZuuZXTKrE"
"1669057645-1305","https://www.youtube.com/@TuVienChonNhu2/videos","CK107-(Nm)- Lớp Chánh Kiến - Trưởng lão Thích Thông Lạc","https://www.youtube.com/watch?v=G8M_gqX32Fc"
"1669057645-1306","https://www.youtube.com/@TuVienChonNhu2/videos","CK106-(Nu)- Lớp Chánh Kiến - Trưởng lão Thích Thông Lạc","https://www.youtube.com/watch?v=f16-EZlDsPA"
"1669057645-1307","https://www.youtube.com/@TuVienChonNhu2/videos","CK105-(Nu)- Lớp Chánh Kiến - Trưởng lão Thích Thông Lạc","https://www.youtube.com/watch?v=CSCxcSM02wo"
"1669057645-1308","https://www.youtube.com/@TuVienChonNhu2/videos","CK104-(Nm)- Lớp Chánh Kiến - Trưởng lão Thích Thông Lạc","https://www.youtube.com/watch?v=DY1lsNbLv_8"
"1669057645-1309","https://www.youtube.com/@TuVienChonNhu2/videos","CK103-(Nm)- Lớp Chánh Kiến - Trưởng lão Thích Thông Lạc","https://www.youtube.com/watch?v=0CV_5M4KMNk"
"1669057645-1310","https://www.youtube.com/@TuVienChonNhu2/videos","CK102-(Nu)- Lớp Chánh Kiến - Trưởng lão Thích Thông Lạc","https://www.youtube.com/watch?v=-K9nIE57Zns"
"1669057645-1311","https://www.youtube.com/@TuVienChonNhu2/videos","CK101-(Nu)- Lớp Chánh Kiến - Trưởng lão Thích Thông Lạc","https://www.youtube.com/watch?v=HOOpbJy5b5I"
"1669057645-1312","https://www.youtube.com/@TuVienChonNhu2/videos","CK098-(Nu)- Lớp Chánh Kiến - Trưởng lão Thích Thông Lạc","https://www.youtube.com/watch?v=4ctLrZIrIsg"
"1669057645-1313","https://www.youtube.com/@TuVienChonNhu2/videos","CK100-(Nm)- Lớp Chánh Kiến - Trưởng lão Thích Thông Lạc","https://www.youtube.com/watch?v=RdzlCw_1JPw"
"1669057645-1314","https://www.youtube.com/@TuVienChonNhu2/videos","CK097-(Nm)- Lớp Chánh Kiến - Trưởng lão Thích Thông Lạc","https://www.youtube.com/watch?v=rFowj2b9IvU"
"1669057645-1315","https://www.youtube.com/@TuVienChonNhu2/videos","CK096-(Nu)- Lớp Chánh Kiến - Trưởng lão Thích Thông Lạc","https://www.youtube.com/watch?v=vqfhldAtSWs"
"1669057645-1316","https://www.youtube.com/@TuVienChonNhu2/videos","CK095-(Nm)- Lớp Chánh Kiến - Trưởng lão Thích Thông Lạc","https://www.youtube.com/watch?v=sR51zAFaqTg"
"1669057645-1317","https://www.youtube.com/@TuVienChonNhu2/videos","CK093-(Nm)- Lớp Chánh Kiến - Trưởng lão Thích Thông Lạc","https://www.youtube.com/watch?v=8IiL-x-YOtY"
"1669057645-1318","https://www.youtube.com/@TuVienChonNhu2/videos","CK092-(Nu)- Lớp Chánh Kiến - Trưởng lão Thích Thông Lạc","https://www.youtube.com/watch?v=AVTLZJiHM2Q"
"1669057645-1319","https://www.youtube.com/@TuVienChonNhu2/videos","CK091-(Nm)- Lớp Chánh Kiến - Trưởng lão Thích Thông Lạc","https://www.youtube.com/watch?v=4uJEH97yHrA"
"1669057645-1320","https://www.youtube.com/@TuVienChonNhu2/videos","(VDBG)Trưởng lão Thích Thông Lạc khai thị Phật pháp cho đoàn phật tử TpHCM (01-03-2009)","https://www.youtube.com/watch?v=Eg79ZOZpBQc"
"1669057645-1321","https://www.youtube.com/@TuVienChonNhu2/videos","CK090-(Nu)- Lớp Chánh Kiến - Trưởng lão Thích Thông Lạc","https://www.youtube.com/watch?v=7-89U1wZkeM"
"1669057645-1322","https://www.youtube.com/@TuVienChonNhu2/videos","CK089A-(Nu)- Lớp Chánh Kiến - Trưởng lão Thích Thông Lạc","https://www.youtube.com/watch?v=DrpZ33FI0wo"
"1669057645-1323","https://www.youtube.com/@TuVienChonNhu2/videos","CK089B-(Nam)- Lớp Chánh Kiến - Trưởng lão Thích Thông Lạc","https://www.youtube.com/watch?v=34Fk7zymbRk"
"1669057645-1324","https://www.youtube.com/@TuVienChonNhu2/videos","CK088-(Nm)- Lớp Chánh Kiến - Trưởng lão Thích Thông Lạc","https://www.youtube.com/watch?v=30mafGXL4Qw"
"1669057645-1325","https://www.youtube.com/@TuVienChonNhu2/videos","CK085-(Chung)- Lớp Chánh Kiến - Trưởng lão Thích Thông Lạc","https://www.youtube.com/watch?v=MWaPWsXgUTY"
"1669057645-1326","https://www.youtube.com/@TuVienChonNhu2/videos","CK086-(Nu)- Lớp Chánh Kiến - Trưởng lão Thích Thông Lạc","https://www.youtube.com/watch?v=cJdURV_zXvY"
"1669057645-1327","https://www.youtube.com/@TuVienChonNhu2/videos","CK087-(Nm)- Lớp Chánh Kiến - Trưởng lão Thích Thông Lạc","https://www.youtube.com/watch?v=yEoyIB61TM8"
"1669057645-1328","https://www.youtube.com/@TuVienChonNhu2/videos","CK084-(Chung)- Lớp Chánh Kiến - Trưởng lão Thích Thông Lạc","https://www.youtube.com/watch?v=_bVZIjwcQK4"
"1669057645-1329","https://www.youtube.com/@TuVienChonNhu2/videos","CK082-(Chung)- Lớp Chánh Kiến - Trưởng lão Thích Thông Lạc","https://www.youtube.com/watch?v=0m6DDGhELk8"
"1669057645-1330","https://www.youtube.com/@TuVienChonNhu2/videos","CK081-(Nm)- Lớp Chánh Kiến - Trưởng lão Thích Thông Lạc","https://www.youtube.com/watch?v=1S25e6csmZ4"
"1669057645-1331","https://www.youtube.com/@TuVienChonNhu2/videos","CK080-(Nu)- Lớp Chánh Kiến - Trưởng lão Thích Thông Lạc","https://www.youtube.com/watch?v=D_8SsXYH2zM"
"1669057645-1332","https://www.youtube.com/@TuVienChonNhu2/videos","CK094-(Nu)- Lớp Chánh Kiến - Trưởng lão Thích Thông Lạc","https://www.youtube.com/watch?v=neFVykS_zqY"
"1669057645-1333","https://www.youtube.com/@TuVienChonNhu2/videos","CK083-(Nu)- Lớp Chánh Kiến - Trưởng lão Thích Thông Lạc","https://www.youtube.com/watch?v=F8GHyacA7C8"
"1669057645-1334","https://www.youtube.com/@TuVienChonNhu2/videos","CK071-(Nm)- Lớp Chánh Kiến - Trưởng lão Thích Thông Lạc","https://www.youtube.com/watch?v=SoquZ-xzGOs"
"1669057645-1335","https://www.youtube.com/@TuVienChonNhu2/videos","CK079-(Nm)- Lớp Chánh Kiến - Trưởng lão Thích Thông Lạc","https://www.youtube.com/watch?v=X-iN_m_TPDI"
"1669057645-1336","https://www.youtube.com/@TuVienChonNhu2/videos","CK077-(Nu)- Lớp Chánh Kiến - Trưởng lão Thích Thông Lạc","https://www.youtube.com/watch?v=xAkboJ_PPgw"
"1669057645-1337","https://www.youtube.com/@TuVienChonNhu2/videos","CK078-(Nu)- Lớp Chánh Kiến - Trưởng lão Thích Thông Lạc","https://www.youtube.com/watch?v=axrGK2ut-8k"
"1669057645-1338","https://www.youtube.com/@TuVienChonNhu2/videos","CK076-(Nm)- Lớp Chánh Kiến - Trưởng lão Thích Thông Lạc","https://www.youtube.com/watch?v=XSyGElfIKv4"
"1669057645-1339","https://www.youtube.com/@TuVienChonNhu2/videos","CK075-(Nu)- Lớp Chánh Kiến - Trưởng lão Thích Thông Lạc","https://www.youtube.com/watch?v=AIcu0YO7ZmM"
"1669057645-1340","https://www.youtube.com/@TuVienChonNhu2/videos","CK073-(Nm)- Lớp Chánh Kiến - Trưởng lão Thích Thông Lạc","https://www.youtube.com/watch?v=GYdkNMNeMq0"
"1669057645-1341","https://www.youtube.com/@TuVienChonNhu2/videos","CK074-(Chung)- Lớp Chánh Kiến - Trưởng lão Thích Thông Lạc","https://www.youtube.com/watch?v=ijdsnXGV0gs"
"1669057645-1342","https://www.youtube.com/@TuVienChonNhu2/videos","CK072B-(Nu)- Lớp Chánh Kiến - Trưởng lão Thích Thông Lạc","https://www.youtube.com/watch?v=IoQk0QE97EY"
"1669057645-1343","https://www.youtube.com/@TuVienChonNhu2/videos","CK072A-(Nu)- Lớp Chánh Kiến - Trưởng lão Thích Thông Lạc","https://www.youtube.com/watch?v=R7Qp4npGRTY"
"1669057645-1344","https://www.youtube.com/@TuVienChonNhu2/videos","CK070-(Nm)- Lớp Chánh Kiến - Trưởng lão Thích Thông Lạc","https://www.youtube.com/watch?v=jxssO8tyATc"
"1669057645-1345","https://www.youtube.com/@TuVienChonNhu2/videos","(VDBG) Làm Chủ Sự Sống Chết Theo Pháp Tu Nguyên Thủy Của Đạo Phật - Trưởng lão Thích Thông Lạc","https://www.youtube.com/watch?v=PInh9SUThw0"
"1669057645-1346","https://www.youtube.com/@TuVienChonNhu2/videos","(VDBG) Nghiệp tái sanh luân hồi (năm 2009) - Trưởng lão Thích Thông Lạc","https://www.youtube.com/watch?v=KU-yRU0zYIo"
"1669057645-1347","https://www.youtube.com/@TuVienChonNhu2/videos","(VDBG) Muốn chứng đạo phải trải qua 8 lớp Bát Chánh Đạo (06-02-2011)_K1 - Trưởng lão Thích Thông Lạc","https://www.youtube.com/watch?v=KP0GqQPG7Sk"
"1669057645-1348","https://www.youtube.com/@TuVienChonNhu2/videos","(VDBG) Trưởng lão Thích Thông Lạc truyền Tam Quy Ngũ Giới cho phật tử năm 2001","https://www.youtube.com/watch?v=BZie65oj6hU"
"1669057645-1349","https://www.youtube.com/@TuVienChonNhu2/videos","(VDBG) Trưởng lão Thích Thông Lạc dạy phật tử Buông xuống đi (28-09-2010)","https://www.youtube.com/watch?v=J_HNLuZRmwQ"
"1669057645-1350","https://www.youtube.com/@TuVienChonNhu2/videos","CK067-(Chung)- Lớp Chánh Kiến - Trưởng lão Thích Thông Lạc","https://www.youtube.com/watch?v=gN3g-pbCcPU"
"1669057645-1351","https://www.youtube.com/@TuVienChonNhu2/videos","CK069-(Nu)- Lớp Chánh Kiến - Trưởng lão Thích Thông Lạc","https://www.youtube.com/watch?v=CGmC2wLkSNs"
"1669057645-1352","https://www.youtube.com/@TuVienChonNhu2/videos","(VDBG) Trưởng lão Thích Thông Lạc dạy triển Khai Tri Kiến Giải Thoát tại Hòn Sơn (29-5-2012)","https://www.youtube.com/watch?v=4JWHLITutLQ"
"1669057645-1353","https://www.youtube.com/@TuVienChonNhu2/videos","CK068-(Nu)- Lớp Chánh Kiến - Trưởng lão Thích Thông Lạc","https://www.youtube.com/watch?v=Mo0jHmxMWUM"
"1669057645-1354","https://www.youtube.com/@TuVienChonNhu2/videos","CK066-(Chung)- Lớp Chánh Kiến - Trưởng lão Thích Thông Lạc","https://www.youtube.com/watch?v=zvEARcO4A5c"
"1669057645-1355","https://www.youtube.com/@TuVienChonNhu2/videos","CK065-(Nu)- Lớp Chánh Kiến - Trưởng lão Thích Thông Lạc","https://www.youtube.com/watch?v=tGgo0b7FDJA"
"1669057645-1356","https://www.youtube.com/@TuVienChonNhu2/videos","CK063-(Chung)- Lớp Chánh Kiến - Trưởng lão Thích Thông Lạc","https://www.youtube.com/watch?v=jT-sgRkZvJw"
"1669057645-1357","https://www.youtube.com/@TuVienChonNhu2/videos","CK064-(Nm)- Lớp Chánh Kiến - Trưởng lão Thích Thông Lạc","https://www.youtube.com/watch?v=8iFJRj4K5HA"
"1669057645-1358","https://www.youtube.com/@TuVienChonNhu2/videos","CK061-(Nm)- Lớp Chánh Kiến - Trưởng lão Thích Thông Lạc","https://www.youtube.com/watch?v=v0_-vk8oz1Y"
"1669057645-1359","https://www.youtube.com/@TuVienChonNhu2/videos","CK062-(Nu)- Lớp Chánh Kiến - Trưởng lão Thích Thông Lạc","https://www.youtube.com/watch?v=syV78wqELeo"
"1669057645-1360","https://www.youtube.com/@TuVienChonNhu2/videos","CK060-(Nm)- Lớp Chánh Kiến - Trưởng lão Thích Thông Lạc","https://www.youtube.com/watch?v=mxNM5jA9tQ4"
"1669057645-1361","https://www.youtube.com/@TuVienChonNhu2/videos","CK059-(Nu)- Lớp Chánh Kiến - Trưởng lão Thích Thông Lạc","https://www.youtube.com/watch?v=tjtDAY-OsVs"
"1669057645-1362","https://www.youtube.com/@TuVienChonNhu2/videos","CK057-(Nu)- Lớp Chánh Kiến - Trưởng lão Thích Thông Lạc","https://www.youtube.com/watch?v=yenD6Ol1qMw"
"1669057645-1363","https://www.youtube.com/@TuVienChonNhu2/videos","CK058-(Nm)- Lớp Chánh Kiến - Trưởng lão Thích Thông Lạc","https://www.youtube.com/watch?v=dgnWw3kBek8"
"1669057645-1364","https://www.youtube.com/@TuVienChonNhu2/videos","CK054-(Nm)- Lớp Chánh Kiến - Trưởng lão Thích Thông Lạc","https://www.youtube.com/watch?v=ubHse6TNA64"
"1669057645-1365","https://www.youtube.com/@TuVienChonNhu2/videos","CK050-(Nu)- Lớp Chánh Kiến - Trưởng lão Thích Thông Lạc","https://www.youtube.com/watch?v=XcQcpJaqib0"
"1669057645-1366","https://www.youtube.com/@TuVienChonNhu2/videos","CK053-(Nu)- Lớp Chánh Kiến - Trưởng lão Thích Thông Lạc","https://www.youtube.com/watch?v=XtnUvbtpYjQ"
"1669057645-1367","https://www.youtube.com/@TuVienChonNhu2/videos","CK056-(Nm)- Lớp Chánh Kiến - Trưởng lão Thích Thông Lạc","https://www.youtube.com/watch?v=qNTyGcNZGng"
"1669057645-1368","https://www.youtube.com/@TuVienChonNhu2/videos","CK055-(Nm)- Lớp Chánh Kiến - Trưởng lão Thích Thông Lạc","https://www.youtube.com/watch?v=-MD95kEyjAo"
"1669057645-1369","https://www.youtube.com/@TuVienChonNhu2/videos","CK052-(Nu)- Lớp Chánh Kiến - Trưởng lão Thích Thông Lạc","https://www.youtube.com/watch?v=CYRldBxWOQk"
"1669057645-1370","https://www.youtube.com/@TuVienChonNhu2/videos","CK051-(Nm)- Lớp Chánh Kiến - Trưởng lão Thích Thông Lạc","https://www.youtube.com/watch?v=xX0GCAvfqto"
"1669057645-1371","https://www.youtube.com/@TuVienChonNhu2/videos","CK035D- Lớp Chánh Kiến - Trưởng lão Thích Thông Lạc","https://www.youtube.com/watch?v=O1L1PLWdjNQ"
"1669057645-1372","https://www.youtube.com/@TuVienChonNhu2/videos","CK032D- Lớp Chánh Kiến - Trưởng lão Thích Thông Lạc","https://www.youtube.com/watch?v=7XTyhGZTncI"
"1669057645-1373","https://www.youtube.com/@TuVienChonNhu2/videos","CK049B- Lớp Chánh Kiến - Trưởng lão Thích Thông Lạc","https://www.youtube.com/watch?v=1vVq-9oLo10"
"1669057645-1374","https://www.youtube.com/@TuVienChonNhu2/videos","CK049A- Lớp Chánh Kiến - Trưởng lão Thích Thông Lạc","https://www.youtube.com/watch?v=AG05enMKTD8"
"1669057645-1375","https://www.youtube.com/@TuVienChonNhu2/videos","CK048B- Lớp Chánh Kiến - Trưởng lão Thích Thông Lạc","https://www.youtube.com/watch?v=Vchc3CC2YOc"
"1669057645-1376","https://www.youtube.com/@TuVienChonNhu2/videos","CK048A- Lớp Chánh Kiến - Trưởng lão Thích Thông Lạc","https://www.youtube.com/watch?v=DfMFsG5c4Bc"
"1669057645-1377","https://www.youtube.com/@TuVienChonNhu2/videos","CK047A- Lớp Chánh Kiến - Trưởng lão Thích Thông Lạc","https://www.youtube.com/watch?v=ydLHMWXRA-Q"
"1669057645-1378","https://www.youtube.com/@TuVienChonNhu2/videos","CK047C- Lớp Chánh Kiến - Trưởng lão Thích Thông Lạc","https://www.youtube.com/watch?v=CRBoXzm2Vrg"
"1669057645-1379","https://www.youtube.com/@TuVienChonNhu2/videos","CK047D- Lớp Chánh Kiến - Trưởng lão Thích Thông Lạc","https://www.youtube.com/watch?v=A4jpiUVOfxU"
"1669057645-1380","https://www.youtube.com/@TuVienChonNhu2/videos","CK047B- Lớp Chánh Kiến - Trưởng lão Thích Thông Lạc","https://www.youtube.com/watch?v=ZASQX-Vm3MA"
"1669057645-1381","https://www.youtube.com/@TuVienChonNhu2/videos","CK046C- Lớp Chánh Kiến - Trưởng lão Thích Thông Lạc","https://www.youtube.com/watch?v=Jxl8t2MRspg"
"1669057645-1382","https://www.youtube.com/@TuVienChonNhu2/videos","CK046B- Lớp Chánh Kiến - Trưởng lão Thích Thông Lạc","https://www.youtube.com/watch?v=fH1LHoiusMU"
"1669057645-1383","https://www.youtube.com/@TuVienChonNhu2/videos","CK045D- Lớp Chánh Kiến - Trưởng lão Thích Thông Lạc","https://www.youtube.com/watch?v=HQqZGy-2E-k"
"1669057645-1384","https://www.youtube.com/@TuVienChonNhu2/videos","CK046A- Lớp Chánh Kiến - Trưởng lão Thích Thông Lạc","https://www.youtube.com/watch?v=YfFWPnF6xu0"
"1669057645-1385","https://www.youtube.com/@TuVienChonNhu2/videos","CK045C- Lớp Chánh Kiến - Trưởng lão Thích Thông Lạc","https://www.youtube.com/watch?v=-OtPLvgFSzg"
"1669057645-1386","https://www.youtube.com/@TuVienChonNhu2/videos","CK044- Lớp Chánh Kiến - Trưởng lão Thích Thông Lạc","https://www.youtube.com/watch?v=Hrq50zY4gQg"
"1669057645-1387","https://www.youtube.com/@TuVienChonNhu2/videos","CK045B- Lớp Chánh Kiến - Trưởng lão Thích Thông Lạc","https://www.youtube.com/watch?v=d_zYuHsohKQ"
"1669057645-1388","https://www.youtube.com/@TuVienChonNhu2/videos","CK043- Lớp Chánh Kiến - Trưởng lão Thích Thông Lạc","https://www.youtube.com/watch?v=JBhqb90uNC0"
"1669057645-1389","https://www.youtube.com/@TuVienChonNhu2/videos","CK045A- Lớp Chánh Kiến - Trưởng lão Thích Thông Lạc","https://www.youtube.com/watch?v=Iv5CpbuqveM"
"1669057645-1390","https://www.youtube.com/@TuVienChonNhu2/videos","CK042- Lớp Chánh Kiến - Trưởng lão Thích Thông Lạc","https://www.youtube.com/watch?v=P9UqOZMb-Gw"
"1669057645-1391","https://www.youtube.com/@TuVienChonNhu2/videos","(PT) 20051200-Phương Pháp Đuổi Bệnh - An Tâm - Đại Thừa, Tiểu Thừa - Trưởng lão Thích Thông Lạc","https://www.youtube.com/watch?v=WJnDikC91FA"
"1669057645-1392","https://www.youtube.com/@TuVienChonNhu2/videos","CK041- Lớp Chánh Kiến - Trưởng lão Thích Thông Lạc","https://www.youtube.com/watch?v=jH9BlNj0-Vg"
"1669057645-1393","https://www.youtube.com/@TuVienChonNhu2/videos","CK040- Lớp Chánh Kiến - Trưởng lão Thích Thông Lạc","https://www.youtube.com/watch?v=6YsvkqS_ExU"
"1669057645-1394","https://www.youtube.com/@TuVienChonNhu2/videos","CK039C- Lớp Chánh Kiến - Trưởng lão Thích Thông Lạc","https://www.youtube.com/watch?v=8cG7F-u9gZc"
"1669057645-1395","https://www.youtube.com/@TuVienChonNhu2/videos","CK039D- Lớp Chánh Kiến - Trưởng lão Thích Thông Lạc","https://www.youtube.com/watch?v=3501Ts1Nouc"
"1669057645-1396","https://www.youtube.com/@TuVienChonNhu2/videos","CK039B- Lớp Chánh Kiến - Trưởng lão Thích Thông Lạc","https://www.youtube.com/watch?v=vcBDDThjhww"
"1669057645-1397","https://www.youtube.com/@TuVienChonNhu2/videos","CK039A- Lớp Chánh Kiến - Trưởng lão Thích Thông Lạc","https://www.youtube.com/watch?v=ptNIU21K31k"
"1669057645-1398","https://www.youtube.com/@TuVienChonNhu2/videos","CK038D- Lớp Chánh Kiến - Trưởng lão Thích Thông Lạc","https://www.youtube.com/watch?v=xxl4ffGxhxs"
"1669057645-1399","https://www.youtube.com/@TuVienChonNhu2/videos","CK038B- Lớp Chánh Kiến - Trưởng lão Thích Thông Lạc","https://www.youtube.com/watch?v=3B3-klkiezc"
"1669057645-1400","https://www.youtube.com/@TuVienChonNhu2/videos","CK038C- Lớp Chánh Kiến - Trưởng lão Thích Thông Lạc","https://www.youtube.com/watch?v=MBDwXkx61p4"
"1669057645-1401","https://www.youtube.com/@TuVienChonNhu2/videos","CK038A- Lớp Chánh Kiến - Trưởng lão Thích Thông Lạc","https://www.youtube.com/watch?v=FDbJh8lgz1c"
"1669057645-1402","https://www.youtube.com/@TuVienChonNhu2/videos","CK037D- Lớp Chánh Kiến - Trưởng lão Thích Thông Lạc","https://www.youtube.com/watch?v=XEa4eZ1QHZQ"
"1669057645-1403","https://www.youtube.com/@TuVienChonNhu2/videos","CK037B- Lớp Chánh Kiến - Trưởng lão Thích Thông Lạc","https://www.youtube.com/watch?v=SiF6MUlvKQw"
"1669057645-1404","https://www.youtube.com/@TuVienChonNhu2/videos","CK037C- Lớp Chánh Kiến - Trưởng lão Thích Thông Lạc","https://www.youtube.com/watch?v=zTI8FuSoHQ0"
"1669057645-1405","https://www.youtube.com/@TuVienChonNhu2/videos","CK037A- Lớp Chánh Kiến - Trưởng lão Thích Thông Lạc","https://www.youtube.com/watch?v=-gUN48wDBZM"
"1669057645-1406","https://www.youtube.com/@TuVienChonNhu2/videos","CK036C- Lớp Chánh Kiến - Trưởng lão Thích Thông Lạc","https://www.youtube.com/watch?v=-hOykx-9Xs0"
"1669057645-1407","https://www.youtube.com/@TuVienChonNhu2/videos","CK036B- Lớp Chánh Kiến - Trưởng lão Thích Thông Lạc","https://www.youtube.com/watch?v=7OU4MT3YWRg"
"1669057645-1408","https://www.youtube.com/@TuVienChonNhu2/videos","CK036A- Lớp Chánh Kiến - Trưởng lão Thích Thông Lạc","https://www.youtube.com/watch?v=5sPMEm2RUNY"
"1669057645-1409","https://www.youtube.com/@TuVienChonNhu2/videos","CK035C- Lớp Chánh Kiến - Trưởng lão Thích Thông Lạc","https://www.youtube.com/watch?v=HeiMCWV3AZU"
"1669057645-1410","https://www.youtube.com/@TuVienChonNhu2/videos","CK035B- Lớp Chánh Kiến - Trưởng lão Thích Thông Lạc","https://www.youtube.com/watch?v=XGLGTrjnYKA"
"1669057645-1411","https://www.youtube.com/@TuVienChonNhu2/videos","CK034C- Lớp Chánh Kiến - Trưởng lão Thích Thông Lạc","https://www.youtube.com/watch?v=nnJiXxd1bHg"
"1669057645-1412","https://www.youtube.com/@TuVienChonNhu2/videos","CK035A- Lớp Chánh Kiến - Trưởng lão Thích Thông Lạc","https://www.youtube.com/watch?v=p2l8SCZtfwM"
"1669057645-1413","https://www.youtube.com/@TuVienChonNhu2/videos","CK034B- Lớp Chánh Kiến - Trưởng lão Thích Thông Lạc","https://www.youtube.com/watch?v=R6hgtr87K6k"
"1669057645-1414","https://www.youtube.com/@TuVienChonNhu2/videos","CK034A- Lớp Chánh Kiến - Trưởng lão Thích Thông Lạc","https://www.youtube.com/watch?v=gPZ1k1fYjCI"
"1669057645-1415","https://www.youtube.com/@TuVienChonNhu2/videos","CK033C- Lớp Chánh Kiến - Trưởng lão Thích Thông Lạc","https://www.youtube.com/watch?v=SZJDsvfbBHU"
"1669057645-1416","https://www.youtube.com/@TuVienChonNhu2/videos","CK033B- Lớp Chánh Kiến - Trưởng lão Thích Thông Lạc","https://www.youtube.com/watch?v=26_WovgDRJI"
"1669057645-1417","https://www.youtube.com/@TuVienChonNhu2/videos","CK033A- Lớp Chánh Kiến - Trưởng lão Thích Thông Lạc","https://www.youtube.com/watch?v=gFOAPY1I6X0"
"1669057645-1418","https://www.youtube.com/@TuVienChonNhu2/videos","CK032C- Lớp Chánh Kiến - Trưởng lão Thích Thông Lạc","https://www.youtube.com/watch?v=_mCDNg7sCl8"
"1669057645-1419","https://www.youtube.com/@TuVienChonNhu2/videos","CK032B- Lớp Chánh Kiến - Trưởng lão Thích Thông Lạc","https://www.youtube.com/watch?v=j-DSkQ05rSo"
"1669057645-1420","https://www.youtube.com/@TuVienChonNhu2/videos","CK032A- Lớp Chánh Kiến - Trưởng lão Thích Thông Lạc","https://www.youtube.com/watch?v=TSbVAKnrkJE"
"1669057645-1421","https://www.youtube.com/@TuVienChonNhu2/videos","CK031C- Lớp Chánh Kiến - Trưởng lão Thích Thông Lạc","https://www.youtube.com/watch?v=xPuRBtu_h4M"
"1669057645-1422","https://www.youtube.com/@TuVienChonNhu2/videos","CK031B- Lớp Chánh Kiến - Trưởng lão Thích Thông Lạc","https://www.youtube.com/watch?v=MiGp-fyM9Hk"
"1669057645-1423","https://www.youtube.com/@TuVienChonNhu2/videos","CK031A- Lớp Chánh Kiến - Trưởng lão Thích Thông Lạc","https://www.youtube.com/watch?v=LHH_Gh5JkSY"
"1669057645-1424","https://www.youtube.com/@TuVienChonNhu2/videos","CK030B- Lớp Chánh Kiến - Trưởng lão Thích Thông Lạc","https://www.youtube.com/watch?v=pZw8tTOo-4g"
"1669057645-1425","https://www.youtube.com/@TuVienChonNhu2/videos","(PT) 20051203-Lợi ích thật sự của Tôn giáo","https://www.youtube.com/watch?v=qalZYkSEDyI"
"1669057645-1426","https://www.youtube.com/@TuVienChonNhu2/videos","CK030A- Lớp Chánh Kiến - Trưởng lão Thích Thông Lạc","https://www.youtube.com/watch?v=PNFhTiRa-zA"
"1669057645-1427","https://www.youtube.com/@TuVienChonNhu2/videos","(TMH) 20180609-Giới Luật, Đức Hạnh Là Vị Thần Hộ Mệnh - Thầy Thích Mật Hạnh","https://www.youtube.com/watch?v=NNPv5VJuY6w"
"1669057645-1428","https://www.youtube.com/@TuVienChonNhu2/videos","CK029B- Lớp Chánh Kiến - Trưởng lão Thích Thông Lạc","https://www.youtube.com/watch?v=4WnLknnwFB0"
"1669057645-1429","https://www.youtube.com/@TuVienChonNhu2/videos","CK029A- Lớp Chánh Kiến - Trưởng lão Thích Thông Lạc","https://www.youtube.com/watch?v=XpsflC2GPjE"
"1669057645-1430","https://www.youtube.com/@TuVienChonNhu2/videos","CK028D- Lớp Chánh Kiến - Trưởng lão Thích Thông Lạc","https://www.youtube.com/watch?v=EGuxYHRvXwI"
"1669057645-1431","https://www.youtube.com/@TuVienChonNhu2/videos","CK028C- Lớp Chánh Kiến - Trưởng lão Thích Thông Lạc","https://www.youtube.com/watch?v=A4uhfwFHFzc"
"1669057645-1432","https://www.youtube.com/@TuVienChonNhu2/videos","CK028A- Lớp Chánh Kiến - Trưởng lão Thích Thông Lạc","https://www.youtube.com/watch?v=IGTk-q2LkGQ"
"1669057645-1433","https://www.youtube.com/@TuVienChonNhu2/videos","CK027C- Lớp Chánh Kiến - Trưởng lão Thích Thông Lạc","https://www.youtube.com/watch?v=q90zuQNC1kg"
"1669057645-1434","https://www.youtube.com/@TuVienChonNhu2/videos","CK028B- Lớp Chánh Kiến - Trưởng lão Thích Thông Lạc","https://www.youtube.com/watch?v=csKRQ5UeWCI"
"1669057645-1435","https://www.youtube.com/@TuVienChonNhu2/videos","CK027A- Lớp Chánh Kiến - Trưởng lão Thích Thông Lạc","https://www.youtube.com/watch?v=QNhO1DfzLY8"
"1669057645-1436","https://www.youtube.com/@TuVienChonNhu2/videos","CK027B- Lớp Chánh Kiến - Trưởng lão Thích Thông Lạc","https://www.youtube.com/watch?v=003xTpdhwXI"
"1669057645-1437","https://www.youtube.com/@TuVienChonNhu2/videos","CK026C- Lớp Chánh Kiến - Trưởng lão Thích Thông Lạc","https://www.youtube.com/watch?v=BbYNFUo9Meg"
"1669057645-1438","https://www.youtube.com/@TuVienChonNhu2/videos","CK026B- Lớp Chánh Kiến - Trưởng lão Thích Thông Lạc","https://www.youtube.com/watch?v=dqQDBHIVcV8"
"1669057645-1439","https://www.youtube.com/@TuVienChonNhu2/videos","CK026A- Lớp Chánh Kiến - Trưởng lão Thích Thông Lạc","https://www.youtube.com/watch?v=lCRVKyK-TVM"
"1669057645-1440","https://www.youtube.com/@TuVienChonNhu2/videos","CK025C- Lớp Chánh Kiến - Trưởng lão Thích Thông Lạc","https://www.youtube.com/watch?v=1WSK-6LxEWk"
"1669057645-1441","https://www.youtube.com/@TuVienChonNhu2/videos","CK025B- Lớp Chánh Kiến - Trưởng lão Thích Thông Lạc","https://www.youtube.com/watch?v=FWpD8gZlwJo"
"1669057645-1442","https://www.youtube.com/@TuVienChonNhu2/videos","CK025A- Lớp Chánh Kiến - Trưởng lão Thích Thông Lạc","https://www.youtube.com/watch?v=Ac2Udy9ywpI"
"1669057645-1443","https://www.youtube.com/@TuVienChonNhu2/videos","CK024C- Lớp Chánh Kiến - Trưởng lão Thích Thông Lạc","https://www.youtube.com/watch?v=cDIMSnelP8M"
"1669057645-1444","https://www.youtube.com/@TuVienChonNhu2/videos","CK024B- Lớp Chánh Kiến - Trưởng lão Thích Thông Lạc","https://www.youtube.com/watch?v=XrMQ0ivIAYk"
"1669057645-1445","https://www.youtube.com/@TuVienChonNhu2/videos","CK024A- Lớp Chánh Kiến - Trưởng lão Thích Thông Lạc","https://www.youtube.com/watch?v=Ykub2-QgFKk"
"1669057645-1446","https://www.youtube.com/@TuVienChonNhu2/videos","CK023C- Lớp Chánh Kiến - Trưởng lão Thích Thông Lạc","https://www.youtube.com/watch?v=0DLmcAgOBM0"
"1669057645-1447","https://www.youtube.com/@TuVienChonNhu2/videos","CK023B- Lớp Chánh Kiến - Trưởng lão Thích Thông Lạc","https://www.youtube.com/watch?v=efoxoqNUWng"
"1669057645-1448","https://www.youtube.com/@TuVienChonNhu2/videos","CK023A- Lớp Chánh Kiến - Trưởng lão Thích Thông Lạc","https://www.youtube.com/watch?v=57VTL7IzKbw"
"1669057645-1449","https://www.youtube.com/@TuVienChonNhu2/videos","CK022B- Lớp Chánh Kiến - Trưởng lão Thích Thông Lạc","https://www.youtube.com/watch?v=-58GWn7cq-I"
"1669057645-1450","https://www.youtube.com/@TuVienChonNhu2/videos","CK022C- Lớp Chánh Kiến - Trưởng lão Thích Thông Lạc","https://www.youtube.com/watch?v=LUn_e4papQU"
"1669057645-1451","https://www.youtube.com/@TuVienChonNhu2/videos","CK022A- Lớp Chánh Kiến - Trưởng lão Thích Thông Lạc","https://www.youtube.com/watch?v=LrAmQuF9iow"
"1669057645-1452","https://www.youtube.com/@TuVienChonNhu2/videos","CK021C- Lớp Chánh Kiến - Trưởng lão Thích Thông Lạc","https://www.youtube.com/watch?v=ZLvhXhrflpI"
"1669057645-1453","https://www.youtube.com/@TuVienChonNhu2/videos","CK012B- Lớp Chánh Kiến - Trưởng lão Thích Thông Lạc","https://www.youtube.com/watch?v=NmRhdsuoQkM"
"1669057645-1454","https://www.youtube.com/@TuVienChonNhu2/videos","CK013- Lớp Chánh Kiến - Trưởng lão Thích Thông Lạc","https://www.youtube.com/watch?v=PS3ouKoxQdU"
"1669057645-1455","https://www.youtube.com/@TuVienChonNhu2/videos","Trưởng lão Thích Thông Lạc dạy Tu sinh đi kinh hành Chánh Niệm Tỉnh Giác (2005)","https://www.youtube.com/watch?v=H9iqdmalETQ"
"1669057645-1456","https://www.youtube.com/@TuVienChonNhu2/videos","CK021A- Lớp Chánh Kiến - Trưởng lão Thích Thông Lạc","https://www.youtube.com/watch?v=jCrsCbJgxAw"
"1669057645-1457","https://www.youtube.com/@TuVienChonNhu2/videos","CK021B- Lớp Chánh Kiến - Trưởng lão Thích Thông Lạc","https://www.youtube.com/watch?v=ctF2Tik1VnI"
"1669057645-1458","https://www.youtube.com/@TuVienChonNhu2/videos","CK020B- Lớp Chánh Kiến - Trưởng lão Thích Thông Lạc","https://www.youtube.com/watch?v=tNSBzm_90MY"
"1669057645-1459","https://www.youtube.com/@TuVienChonNhu2/videos","CK020A- Lớp Chánh Kiến - Trưởng lão Thích Thông Lạc","https://www.youtube.com/watch?v=Y8WFpxh69DI"
"1669057645-1460","https://www.youtube.com/@TuVienChonNhu2/videos","CK019D- Lớp Chánh Kiến - Trưởng lão Thích Thông Lạc","https://www.youtube.com/watch?v=SLZLuwI3V7U"
"1669057645-1461","https://www.youtube.com/@TuVienChonNhu2/videos","CK019B- Lớp Chánh Kiến - Trưởng lão Thích Thông Lạc","https://www.youtube.com/watch?v=L9LX_3AC7MQ"
"1669057645-1462","https://www.youtube.com/@TuVienChonNhu2/videos","CK019C- Lớp Chánh Kiến - Trưởng lão Thích Thông Lạc","https://www.youtube.com/watch?v=6k1ggBFBbGU"
"1669057645-1463","https://www.youtube.com/@TuVienChonNhu2/videos","CK019A- Lớp Chánh Kiến - Trưởng lão Thích Thông Lạc","https://www.youtube.com/watch?v=Ru4N2qVuK3g"
"1669057645-1464","https://www.youtube.com/@TuVienChonNhu2/videos","CK017- Lớp Chánh Kiến - Trưởng lão Thích Thông Lạc","https://www.youtube.com/watch?v=vSnm7VsM_MY"
"1669057645-1465","https://www.youtube.com/@TuVienChonNhu2/videos","CK018- Lớp Chánh Kiến - Trưởng lão Thích Thông Lạc","https://www.youtube.com/watch?v=rSDwPEDZ_l4"
"1669057645-1466","https://www.youtube.com/@TuVienChonNhu2/videos","CK015- Lớp Chánh Kiến - Trưởng lão Thích Thông Lạc","https://www.youtube.com/watch?v=B_PK4haZDjM"
"1669057645-1467","https://www.youtube.com/@TuVienChonNhu2/videos","CK016- Lớp Chánh Kiến - Trưởng lão Thích Thông Lạc","https://www.youtube.com/watch?v=z6wvdKbO3Gg"
"1669057645-1468","https://www.youtube.com/@TuVienChonNhu2/videos","CK012A- Lớp Chánh Kiến - Trưởng lão Thích Thông Lạc","https://www.youtube.com/watch?v=h6k_3mMhFf8"
"1669057645-1469","https://www.youtube.com/@TuVienChonNhu2/videos","CK014- Lớp Chánh Kiến - Trưởng lão Thích Thông Lạc","https://www.youtube.com/watch?v=gtqbHZmXuac"
"1669057645-1470","https://www.youtube.com/@TuVienChonNhu2/videos","CK011B- Lớp Chánh Kiến - Trưởng lão Thích Thông Lạc","https://www.youtube.com/watch?v=yj8AJJQ_sgg"
"1669057645-1471","https://www.youtube.com/@TuVienChonNhu2/videos","CK010B- Lớp Chánh Kiến - Trưởng lão Thích Thông Lạc","https://www.youtube.com/watch?v=fcjViAn9u2I"
"1669057645-1472","https://www.youtube.com/@TuVienChonNhu2/videos","CK011A- Lớp Chánh Kiến - Trưởng lão Thích Thông Lạc","https://www.youtube.com/watch?v=4DsCH0q-Gwg"
"1669057645-1473","https://www.youtube.com/@TuVienChonNhu2/videos","CK010A- Lớp Chánh Kiến - Trưởng lão Thích Thông Lạc","https://www.youtube.com/watch?v=eYy3GFQ19f0"
"1669057645-1474","https://www.youtube.com/@TuVienChonNhu2/videos","CK009C- Lớp Chánh Kiến - Trưởng lão Thích Thông Lạc","https://www.youtube.com/watch?v=J5wndBY4sQI"
"1669057645-1475","https://www.youtube.com/@TuVienChonNhu2/videos","CK009B- Lớp Chánh Kiến - Trưởng lão Thích Thông Lạc","https://www.youtube.com/watch?v=svNVgfXsbfU"
"1669057645-1476","https://www.youtube.com/@TuVienChonNhu2/videos","CK009A- Lớp Chánh Kiến - Trưởng lão Thích Thông Lạc","https://www.youtube.com/watch?v=MJiYDc1grWA"
"1669057645-1477","https://www.youtube.com/@TuVienChonNhu2/videos","(PT) Thực hành pháp tu - Trưởng lão Thích Thông Lạc","https://www.youtube.com/watch?v=V1WZ2L6zipo"
"1669057645-1478","https://www.youtube.com/@TuVienChonNhu2/videos","(PT) Vấn đạo pháp hành 3 - Trưởng lão Thích Thông Lạc","https://www.youtube.com/watch?v=nGC02ec7z-c"
"1669057645-1479","https://www.youtube.com/@TuVienChonNhu2/videos","(PT) Vấn đạo pháp hành 2 - Trưởng lão Thích Thông Lạc","https://www.youtube.com/watch?v=Ly4Oa4nJCG4"
"1669057645-1480","https://www.youtube.com/@TuVienChonNhu2/videos","(PT) Vấn đạo pháp hành 1 - Trưởng lão Thích Thông Lạc","https://www.youtube.com/watch?v=ClQS31aAYbU"
"1669057645-1481","https://www.youtube.com/@TuVienChonNhu2/videos","(PT) Thiền định của Ý thức - Trưởng lão Thích Thông Lạc","https://www.youtube.com/watch?v=e7iT4SLWPgc"
"1669057645-1482","https://www.youtube.com/@TuVienChonNhu2/videos","(PT) Trả lời những đánh giá của thầy Chân Quang - Trưởng lão Thích Thông Lạc","https://www.youtube.com/watch?v=kHYysBDEbhw"
"1669057645-1483","https://www.youtube.com/@TuVienChonNhu2/videos","(PT) Triển khai Tứ Diệu Đế - Trưởng lão Thích Thông Lạc","https://www.youtube.com/watch?v=oivGqKh4M38"
"1669057645-1484","https://www.youtube.com/@TuVienChonNhu2/videos","(PT) Cái đúng của Đại Thừa - Trưởng lão Thích Thông Lạc","https://www.youtube.com/watch?v=wTSCeBAvEYg"
"1669057645-1485","https://www.youtube.com/@TuVienChonNhu2/videos","(PT) Tâm Thanh thản là không tái sanh - Trưởng lão Thích Thông Lạc","https://www.youtube.com/watch?v=YbLHYXuQxk0"
"1669057645-1486","https://www.youtube.com/@TuVienChonNhu2/videos","(PT) Các pháp không phải của Phật - Trưởng lão Thích Thông Lạc","https://www.youtube.com/watch?v=EMGBk2szcLE"
"1669057645-1487","https://www.youtube.com/@TuVienChonNhu2/videos","(PT) Thầy dạy Minh Điền-Mỹ Châu 1 - Trưởng lão Thích Thông Lạc","https://www.youtube.com/watch?v=TXvZ9FxZm80"
"1669057645-1488","https://www.youtube.com/@TuVienChonNhu2/videos","(PT) Thầy dạy Minh Điền-Mỹ Châu 2 - Trưởng lão Thích Thông Lạc","https://www.youtube.com/watch?v=tql5Oz_uQfY"
"1669057645-1489","https://www.youtube.com/@TuVienChonNhu2/videos","(PT) Tam Quy Ngũ Giới 1 - Trưởng lão Thích Thông Lạc","https://www.youtube.com/watch?v=JX5A67XBZ38"
"1669057645-1490","https://www.youtube.com/@TuVienChonNhu2/videos","(PT) Thầy ẩn bóng để viết sách đạo đức - Trưởng lão Thích Thông Lạc","https://www.youtube.com/watch?v=QhQwglQCx7Y"
"1669057645-1491","https://www.youtube.com/@TuVienChonNhu2/videos","(PT) Thanh Quang hỏi đạo - Trưởng lão Thích Thông Lạc","https://www.youtube.com/watch?v=p5V1CNLtixY"
"1669057645-1492","https://www.youtube.com/@TuVienChonNhu2/videos","(PT) Tam Quy Ngũ Giới 4 - Trưởng lão Thích Thông Lạc","https://www.youtube.com/watch?v=wXi1HeQ0NoY"
"1669057645-1493","https://www.youtube.com/@TuVienChonNhu2/videos","(PT) Tam Quy Ngũ Giới 2 - Trưởng lão Thích Thông Lạc","https://www.youtube.com/watch?v=aiKG3cHl3-o"
"1669057645-1494","https://www.youtube.com/@TuVienChonNhu2/videos","(PT) Tam Quy Ngũ Giới 3 - Trưởng lão Thích Thông Lạc","https://www.youtube.com/watch?v=kTWoPfvb5Uw"
"1669057645-1495","https://www.youtube.com/@TuVienChonNhu2/videos","Pháp âm: -Phạm hạnh của người tu thiền - Trưởng lão Thích Thông Lạc","https://www.youtube.com/watch?v=SpBjvkv490A"
"1669057645-1496","https://www.youtube.com/@TuVienChonNhu2/videos","(PT) Lý luận của Đại Thừa - Trưởng lão Thích Thông Lạc","https://www.youtube.com/watch?v=oW3QCktdhag"
"1669057645-1497","https://www.youtube.com/@TuVienChonNhu2/videos","(PT) Nghiệp tái sinh luân hồi - Trưởng lão Thích Thông Lạc","https://www.youtube.com/watch?v=z48fk-wxRHw"
"1669057645-1498","https://www.youtube.com/@TuVienChonNhu2/videos","(PT) Nhiếp tâm Xả tâm - Trưởng lão Thích Thông Lạc","https://www.youtube.com/watch?v=bKNXfbpEf4o"
"1669057645-1499","https://www.youtube.com/@TuVienChonNhu2/videos","(PT) Phá hôn trầm-Làm chủ bệnh - Trưởng lão Thích Thông Lạc","https://www.youtube.com/watch?v=cfizFQppxvw"
"1669057645-1500","https://www.youtube.com/@TuVienChonNhu2/videos","(PT) Đường lối tu tập đúng - Trưởng lão Thích Thông Lạc","https://www.youtube.com/watch?v=VXeLivO2L8A"
"1669057645-1501","https://www.youtube.com/@TuVienChonNhu2/videos","(PT) Năng lực của Tam minh - Trưởng lão Thích Thông Lạc","https://www.youtube.com/watch?v=hYTfCtuSWHo"
"1669057645-1502","https://www.youtube.com/@TuVienChonNhu2/videos","(PT) Đạo Phật là đạo đức giải thoát - Trưởng lão Thích Thông Lạc","https://www.youtube.com/watch?v=dpwgKCzrVMg"
"1669057645-1503","https://www.youtube.com/@TuVienChonNhu2/videos","(PT) Dùng gương hạnh tu tập để chuyển Nhân Qủa - Trưởng lão Thích Thông Lạc","https://www.youtube.com/watch?v=6HS-aNdMr5I"
"1669057645-1504","https://www.youtube.com/@TuVienChonNhu2/videos","(PT) Dùng ý thức tu tập - Trưởng lão Thích Thông Lạc","https://www.youtube.com/watch?v=iI9yFuGK3P0"
"1669057645-1505","https://www.youtube.com/@TuVienChonNhu2/videos","(PT) BQT-Thầy dạy trong kỳ thọ Bát Quan Trai 5 - Trưởng lão Thích Thông Lạc","https://www.youtube.com/watch?v=Zjtk9c_rCX0"
"1669057645-1506","https://www.youtube.com/@TuVienChonNhu2/videos","(PT) Cách thức tu tập tại gia - Trưởng lão Thích Thông Lạc (KÈM BẢN ĐÁNH MÁY)","https://www.youtube.com/watch?v=OjqkhM32mcU"
